ASIN,商品名,商品URL,投稿日,評価,投稿者,プロフィールURL,ベストレビュアーランキング,バリエーション,購入元,参考になった人数,レビューのタイトル,レビュー本文
B084LDGTYY,BUNDOK(バンドック) IR テーブル BD-164 メッシュ 焚き火 折りたたみ コンパクト,https://www.amazon.co.jp/dp/B084LDGTYY/,2022/11/17,5.0,ヒロティアン,https://www.amazon.co.jp/gp/pdp/profile/amzn1.account.AE7S5B4R7GSYMQSZJZYDEH6JU5XQ/ref=cm_cr_pr_pdp,,パターン(種類): 単品,Amazonで購入,,高さが丁度良い,アイアンメッシュテーブルはいろいろ出てますが、バンドックは高さがあって使いやすいです。アステージツールストッカー600S(RVボックス)に入ります。バイクのキャンプツーリングに重宝します！
B084LDGTYY,BUNDOK(バンドック) IR テーブル BD-164 メッシュ 焚き火 折りたたみ コンパクト,https://www.amazon.co.jp/dp/B084LDGTYY/,2022/11/8,5.0,K&amp;m,https://www.amazon.co.jp/gp/pdp/profile/amzn1.account.AHZUQSB2LOK4N3U7BE42XAX3YAJA/ref=cm_cr_pr_pdp,,パターン(種類): 単品,Amazonで購入,,とても良く商品だと思います。,焚き火テーブルを探してYouTubeなどを参考にたどり着いた一品ですが、YouTubeのレビュー通りしっかりした作りでコスパも良いのでソロキャンプで購入致しましたが良かったです。
B084LDGTYY,BUNDOK(バンドック) IR テーブル BD-164 メッシュ 焚き火 折りたたみ コンパクト,https://www.amazon.co.jp/dp/B084LDGTYY/,2022/10/24,4.0,くろこま,https://www.amazon.co.jp/gp/pdp/profile/amzn1.account.AEKM7UAVNT4HF6S4HSWHCHOESRVQ/ref=cm_cr_pr_pdp,,パターン(種類): 単品,Amazonで購入,1,これはいいものだ。,焚き火調理の地べたスタイル時用に購入。高さも広さもサイズ感いい。マグネットフックに棒差し込んでシェラカップフックを後付けしようと思う。
B084LDGTYY,BUNDOK(バンドック) IR テーブル BD-164 メッシュ 焚き火 折りたたみ コンパクト,https://www.amazon.co.jp/dp/B084LDGTYY/,2022/10/30,5.0,都谷仁,https://www.amazon.co.jp/gp/pdp/profile/amzn1.account.AEFOW2FTYKNUC7IU5ZUJL4MEOALA/ref=cm_cr_pr_pdp,,パターン(種類): 単品,Amazonで購入,,かっこいい,いい雰囲気です
B084LDGTYY,BUNDOK(バンドック) IR テーブル BD-164 メッシュ 焚き火 折りたたみ コンパクト,https://www.amazon.co.jp/dp/B084LDGTYY/,2022/11/1,5.0,Amazon Customer,https://www.amazon.co.jp/gp/pdp/profile/amzn1.account.AGHJHA2JQQAWXGOLZTLXVINEBWDA/ref=cm_cr_pr_pdp,,パターン(種類): 単品,Amazonで購入,1,この価格なら満足。,ローチェアとのバランスよし、収納しやすくて価格も手頃。
B084LDGTYY,BUNDOK(バンドック) IR テーブル BD-164 メッシュ 焚き火 折りたたみ コンパクト,https://www.amazon.co.jp/dp/B084LDGTYY/,2022/9/29,4.0,cremato,https://www.amazon.co.jp/gp/pdp/profile/amzn1.account.AHKYAUUU4CLP7FWF63BNJNAVSNEA/ref=cm_cr_pr_pdp,,パターン(種類): 単品,Amazonで購入,1,木枠の温かみ,加熱した鉄板をそのまま置けるアイアンのテーブルを探していました。様々な商品がありますが、こちらの商品は値段もお手頃で木枠のデザインも好みでした。使ってみましたが、安定感も問題ありませんでした。
B084LDGTYY,BUNDOK(バンドック) IR テーブル BD-164 メッシュ 焚き火 折りたたみ コンパクト,https://www.amazon.co.jp/dp/B084LDGTYY/,2022/9/25,4.0,Amazon カスタマー,https://www.amazon.co.jp/gp/pdp/profile/amzn1.account.AHQ6XU52X7262F3PMQ33H5HVAQJA/ref=cm_cr_pr_pdp,,パターン(種類): 単品,Amazonで購入,,気に入ってます,安いのにしっかりした作りで収納バッグまで付いていて◎ただ、脚を開閉するときは固いのでコツがいります。
B084LDGTYY,BUNDOK(バンドック) IR テーブル BD-164 メッシュ 焚き火 折りたたみ コンパクト,https://www.amazon.co.jp/dp/B084LDGTYY/,2022/10/12,5.0,64,https://www.amazon.co.jp/gp/pdp/profile/amzn1.account.AEE5HPYI4V3L3PMWC7SATI5QBA5Q/ref=cm_cr_pr_pdp,,パターン(種類): 単品,Amazonで購入,,コスパ最高,ソロで使う分ではちょうどいいサイズ。高さ30センチ程度のチェアやお座敷スタイルにピッタリだし、アイアンなので耐熱も問題なし。他の方のレビューであった、脚が固く折り畳むのが難という点についても、片脚の両サイドを同時に押すと難なく畳めます。収納カバーもついてこんな低価格でいいんですか?と思えるくらいで非常に満足してます。
B084LDGTYY,BUNDOK(バンドック) IR テーブル BD-164 メッシュ 焚き火 折りたたみ コンパクト,https://www.amazon.co.jp/dp/B084LDGTYY/,2022/9/16,5.0,川口 隆文,https://www.amazon.co.jp/gp/pdp/profile/amzn1.account.AFKPL7IEXDW4EXSIL2E6BUSXVGQA/ref=cm_cr_pr_pdp,,パターン(種類): 単品,Amazonで購入,,ヤフー、楽天、どこよりも安かったので,３日後に届いたので自宅で開封して、写メぱちりしました。今週末ソロキャンに行く予定なので、一軍ギアとして持っていくぞ!脚グラグラ無し。天板デコボコ無し。いい感じ。
B084LDGTYY,BUNDOK(バンドック) IR テーブル BD-164 メッシュ 焚き火 折りたたみ コンパクト,https://www.amazon.co.jp/dp/B084LDGTYY/,2022/10/6,3.0,ロバート・デニョーロ,https://www.amazon.co.jp/gp/pdp/profile/amzn1.account.AFSROEKDP62KT4NPFA343A25OYEQ/ref=cm_cr_pr_pdp,,パターン(種類): 単品,Amazonで購入,,見た目と使い勝手がいい,二つ購入してみました。同じ商品のはずなのに何か違う・・。片方は足がスムーズに開閉し、もう片方は畳んだ時にロックがかかる。ロックがかかる方をよく見てみると、足の溶接が斜めになっているため折りたたんだ時に天板の脇に接触することが判明。箱を開けようとしたらテープがはがれていたので嫌な予感はしたのですが、まぁ別に使えないわけじゃないし返品も面倒なのでそのまま使用して約一年。問題なく使えるどころか、むしろ愛着すら沸いてくる今日この頃です。（※人によりますので評価は☆3にしておきます）見た目のカッコよさは抜群なので、気に入ったら使い倒してやりましょう。
B084LDGTYY,BUNDOK(バンドック) IR テーブル BD-164 メッシュ 焚き火 折りたたみ コンパクト,https://www.amazon.co.jp/dp/B084LDGTYY/,2022/7/16,4.0,だます,https://www.amazon.co.jp/gp/pdp/profile/amzn1.account.AFYV7DP6CXTERORY5CBCP6ZMQK6Q/ref=cm_cr_pr_pdp,,パターン(種類): 単品,Amazonで購入,1,コンパクト,安定性があるので自分はきにいってよくキャンプで使ってます
B084LDGTYY,BUNDOK(バンドック) IR テーブル BD-164 メッシュ 焚き火 折りたたみ コンパクト,https://www.amazon.co.jp/dp/B084LDGTYY/,2022/4/20,4.0,迷い人,https://www.amazon.co.jp/gp/pdp/profile/amzn1.account.AH4XQHLFVLUGVGD7X4B327YG4SXQ/ref=cm_cr_pr_pdp,,パターン(種類): 単品,Amazonで購入,,個人的には買って正解でした！,サイズ感わかりづらいかもしれませんがこんな感じです使った後のホットサンドを置いても問題なくでした後は材質もあり軽々ではありませんがトートバッグみたいな専用の袋も付いてるので持ち運びは苦になりません袋も若干余裕がありますので、ダイソーに売っていた折りたたみのラゲッジラックがすっぽり入ってくれたので嬉しいです置き場所にもよりますが気になるのほどのグラグラ感はありません
B084LDGTYY,BUNDOK(バンドック) IR テーブル BD-164 メッシュ 焚き火 折りたたみ コンパクト,https://www.amazon.co.jp/dp/B084LDGTYY/,2022/4/19,4.0,Amazon カスタマー,https://www.amazon.co.jp/gp/pdp/profile/amzn1.account.AFJ5DGY2OIC3QCPLQYNXKVSJKXPA/ref=cm_cr_pr_pdp,,パターン(種類): 単品,Amazonで購入,,バイクで持ち運びに,バイクでの使用目的で購入しまいした。折り畳みの中では高さがあって気に入っています
B084LDGTYY,BUNDOK(バンドック) IR テーブル BD-164 メッシュ 焚き火 折りたたみ コンパクト,https://www.amazon.co.jp/dp/B084LDGTYY/,2022/4/19,4.0,あ゛ぁぁぁ,https://www.amazon.co.jp/gp/pdp/profile/amzn1.account.AEFGTICD4KRTQVCZUFHZSNBJABKA/ref=cm_cr_pr_pdp,,パターン(種類): 単品,Amazonで購入,,集合体恐怖症にはきついでごわす。,ぶつぶつが表面についているでごわす。怖いでごわす。
B084LDGTYY,BUNDOK(バンドック) IR テーブル BD-164 メッシュ 焚き火 折りたたみ コンパクト,https://www.amazon.co.jp/dp/B084LDGTYY/,2022/7/12,5.0,いーちゃん,https://www.amazon.co.jp/gp/pdp/profile/amzn1.account.AGIF4OV4LW4P2FFB2542JC7YH5QQ/ref=cm_cr_pr_pdp,,パターン(種類): 単品,Amazonで購入,,コスパ,
B084LDGTYY,BUNDOK(バンドック) IR テーブル BD-164 メッシュ 焚き火 折りたたみ コンパクト,https://www.amazon.co.jp/dp/B084LDGTYY/,2022/5/29,5.0,村民,https://www.amazon.co.jp/gp/pdp/profile/amzn1.account.AE2HBQJOZECNI66Z7ZGHSXPRQSVQ/ref=cm_cr_pr_pdp,,パターン(種類): 単品,Amazonで購入,,重宝してます,耐熱性は分かりません。持ってるイスに対して高さがちょうど良いです。
B084LDGTYY,BUNDOK(バンドック) IR テーブル BD-164 メッシュ 焚き火 折りたたみ コンパクト,https://www.amazon.co.jp/dp/B084LDGTYY/,2022/2/12,4.0,仮染キャンパー,https://www.amazon.co.jp/gp/pdp/profile/amzn1.account.AEAW5H7WRSQC5A77NYISLNVFK5AA/ref=cm_cr_pr_pdp,,パターン(種類): 単品,Amazonで購入,,使える机です,値段、大きさ、デザインともに良し。直火で熱々の鉄板載っけても平気だから耐熱性は高い。収納サイズは足畳むだけだから、天板のサイズと一緒。難点は、足開く時は楽。閉じる時に足を両側から内側に押す（ストッパーから外す）作業が辛い。かなり硬いし爪に引っ掛かってるから力技でもきつい。一気に両側から同時に目一杯力を加える必要があり、いつもパーで殴る気持ちで叩いてる。そのため手が痛くなるのが悩みどころ。
B084LDGTYY,BUNDOK(バンドック) IR テーブル BD-164 メッシュ 焚き火 折りたたみ コンパクト,https://www.amazon.co.jp/dp/B084LDGTYY/,2022/8/20,2.0,chiechie,https://www.amazon.co.jp/gp/pdp/profile/amzn1.account.AGCX6K5JY3FJGOGJXJI4NBRBJYDQ/ref=cm_cr_pr_pdp,,パターン(種類): 単品,Amazonで購入,,溶接のズレで脚の開け閉めができない,脚の開け閉めがかなり堅く、手の弱さが原因とは思えない異常さを感じたのでよく見たら溶接の位置が左右で違う。そのため何度試しても左右同時に力が加わらず、特に脚をたたむときに相当苦労しないとたためない。理想的なテーブルと価格だったので残念。返品します。
B084LDGTYY,BUNDOK(バンドック) IR テーブル BD-164 メッシュ 焚き火 折りたたみ コンパクト,https://www.amazon.co.jp/dp/B084LDGTYY/,2022/5/5,3.0,西口,https://www.amazon.co.jp/gp/pdp/profile/amzn1.account.AFKAMAQFVET6IS6OAXVO7BV6VBWA/ref=cm_cr_pr_pdp,,パターン(種類): 単品,Amazonで購入,,使いやすい,軽くて、丈夫で使いやすい。ただ折りたたむ際にちょっと固いのが難点だがとても重宝してます。
B084LDGTYY,BUNDOK(バンドック) IR テーブル BD-164 メッシュ 焚き火 折りたたみ コンパクト,https://www.amazon.co.jp/dp/B084LDGTYY/,2022/4/18,5.0,J 68-T,https://www.amazon.co.jp/gp/pdp/profile/amzn1.account.AGQCOVGB6QXX4QMICTMNN34EJI2Q/ref=cm_cr_pr_pdp,,パターン(種類): 単品,Amazonで購入,1,おしゃれで機能的,おしゃれで機能的でいい商品だと思います。熱い者も置けるし！
B084LDGTYY,BUNDOK(バンドック) IR テーブル BD-164 メッシュ 焚き火 折りたたみ コンパクト,https://www.amazon.co.jp/dp/B084LDGTYY/,2022/1/2,4.0,浅見雅彦,https://www.amazon.co.jp/gp/pdp/profile/amzn1.account.AE6SOUOFLOGWETIKGJ2NOKOXGRMQ/ref=cm_cr_pr_pdp,,パターン(種類): 単品,Amazonで購入,,頑丈。,見た目の通りに頑丈と思います。高さはあぐら焚き火椅子にちょうど良い。天面が滑るので水平でないとカップとかが動きます(^_^)
B084LDGTYY,BUNDOK(バンドック) IR テーブル BD-164 メッシュ 焚き火 折りたたみ コンパクト,https://www.amazon.co.jp/dp/B084LDGTYY/,2021/12/9,4.0,ナムル,https://www.amazon.co.jp/gp/pdp/profile/amzn1.account.AGNKPWOSACFLFHWYNNNXYYHHGKDA/ref=cm_cr_pr_pdp,,パターン(種類): 単品,Amazonで購入,,オシャレでカッコいい！,やはり見た目がカッコイイです。レビュー見てると当たりハズレあるようですが、私は大丈夫でした。ロータイプのアイアンテーブルだと低すぎるので、コチラで正解でした。脚の開閉、開くのは簡単なんですが、閉じる時が難しい。(ストッパーの両側が上手く外れない)最終的にかなりパワーで押し切りましたが…馴染むことを願います。
B084LDGTYY,BUNDOK(バンドック) IR テーブル BD-164 メッシュ 焚き火 折りたたみ コンパクト,https://www.amazon.co.jp/dp/B084LDGTYY/,2021/12/8,4.0,Amazon カスタマー,https://www.amazon.co.jp/gp/pdp/profile/amzn1.account.AEWCX63SCXS752JWGHAALQOSRZLA/ref=cm_cr_pr_pdp,,パターン(種類): 単品,Amazonで購入,,重たいが安定感有り,キャンプサイトの足場は様々で、ある程度重量がり、薪ストーブから熱々の鍋をそのまま置けるテーブルを、と購入しました。重量はそれなりに有り、オートキャンプで無いと持ち運び難しいかも知れませんが、求めていた機能は充分で、作りも良く、安定感有り、畳んで収納すれば嵩張りません。満足しています。
B084LDGTYY,BUNDOK(バンドック) IR テーブル BD-164 メッシュ 焚き火 折りたたみ コンパクト,https://www.amazon.co.jp/dp/B084LDGTYY/,2021/11/6,4.0,B.Y,https://www.amazon.co.jp/gp/pdp/profile/amzn1.account.AG4HYZEHW7NICOCJMEPJGCA7LHWQ/ref=cm_cr_pr_pdp,,パターン(種類): 単品,Amazonで購入,1,設置が楽で良いサイズ感,足を開くだけで設置でき、片付けも楽です。また、他のメッシュテーブルより少し高さがあるので、キャンプ用チェアとの組み合わせもバッチリでした。ソロキャンプでは、このテーブル一つで問題なしでした。(他２つアルミテーブルを持っていきましたが、使用せず)
B084LDGTYY,BUNDOK(バンドック) IR テーブル BD-164 メッシュ 焚き火 折りたたみ コンパクト,https://www.amazon.co.jp/dp/B084LDGTYY/,2021/11/3,4.0,ちから,https://www.amazon.co.jp/gp/pdp/profile/amzn1.account.AF4GR2LRGKHOPESCZKOMAVPWUAHA/ref=cm_cr_pr_pdp,,パターン(種類): 単品,Amazonで購入,6,サイズ間違は無い様に,サイズ52x30x29cmとありますが52は脚を開いた長なのでテーブル面は45?30です
B084LDGTYY,BUNDOK(バンドック) IR テーブル BD-164 メッシュ 焚き火 折りたたみ コンパクト,https://www.amazon.co.jp/dp/B084LDGTYY/,2022/4/1,3.0,Amazon カスタマー,https://www.amazon.co.jp/gp/pdp/profile/amzn1.account.AEESP56OTMAR5GCSUU2S5NBKBQGA/ref=cm_cr_pr_pdp,,パターン(種類): 単品,Amazonで購入,,重い,オシャレでコンパクトで使いやすく愛用してるが、重いw
B084LDGTYY,BUNDOK(バンドック) IR テーブル BD-164 メッシュ 焚き火 折りたたみ コンパクト,https://www.amazon.co.jp/dp/B084LDGTYY/,2022/3/28,3.0,Amazon customer,https://www.amazon.co.jp/gp/pdp/profile/amzn1.account.AGAUVKWNRSINLVDXUH7LT3VSYQCA/ref=cm_cr_pr_pdp,,パターン(種類): 単品,Amazonで購入,1,便利ですが、ちょっと重い,使い勝手も良く便利ですが、ちょっと重いです。運搬等がちょっと大変。
B084LDGTYY,BUNDOK(バンドック) IR テーブル BD-164 メッシュ 焚き火 折りたたみ コンパクト,https://www.amazon.co.jp/dp/B084LDGTYY/,2022/2/7,5.0,しょうちゃん,https://www.amazon.co.jp/gp/pdp/profile/amzn1.account.AEE65LUIWZDFNELSO2VE2XIRT7WA/ref=cm_cr_pr_pdp,,パターン(種類): 単品,Amazonで購入,,グラつかない！もう一つかおうかな?,別なムのマークのハイタイプのアイアンテーブルを頼んだら脚がグラグラして…使えないと返品してこちらのバンドックさんのを買いましたが…脚がきちんとロックされて左右のグラつきなく気持ちよく使えますね。袋付きだしコスパがいい！値上げだらけのキャンプ用品の中でこう言う商品は嬉しいもう一台買おうかな…310にヤカン2つ置いても余裕だし長手を合わせて2つ並べたらメインテーブルに良い！
B084LDGTYY,BUNDOK(バンドック) IR テーブル BD-164 メッシュ 焚き火 折りたたみ コンパクト,https://www.amazon.co.jp/dp/B084LDGTYY/,2021/10/4,4.0,ryosuke-y,https://www.amazon.co.jp/gp/pdp/profile/amzn1.account.AHPFUEHWXSMODJ2J5OMPUQOFDVVQ/ref=cm_cr_pr_pdp,,パターン(種類): 単品,Amazonで購入,,ソロにはちょうどいいサイズ,これまでアルミの折り畳みテーブルを使っててそれはそれで軽くていいが何となく無骨なものでよりソロに合うサイズが欲しくて購入。天板の面積も高さもちょうど良く、天板は網目なので飲み物こぼしたり油が飛んでも掃除が簡単！(天板の下にギア入れたり足を伸ばしてたら大変なことになりますが笑)ただ両サイドの木製の枠がしっかりビス止めされていなく、何なら垂直ではなく斜めに絞めらてるしプラスのネジ山が既にナメた状態だったのがマイナス。
B084LDGTYY,BUNDOK(バンドック) IR テーブル BD-164 メッシュ 焚き火 折りたたみ コンパクト,https://www.amazon.co.jp/dp/B084LDGTYY/,2021/9/14,4.0,k@z,https://www.amazon.co.jp/gp/pdp/profile/amzn1.account.AFMVIY4DTS7SHGT6TQGEVQK6T6VA/ref=cm_cr_pr_pdp,,パターン(種類): 単品,Amazonで購入,3,丈夫そうです,ちょっと重いですが丈夫そうです大きさも良い感じでソロキャンプに使いました今度から必ず持って行くギアになりました。
B084LDGTYY,BUNDOK(バンドック) IR テーブル BD-164 メッシュ 焚き火 折りたたみ コンパクト,https://www.amazon.co.jp/dp/B084LDGTYY/,2022/11/13,1.0,yuyu,https://www.amazon.co.jp/gp/pdp/profile/amzn1.account.AF3WKL4LEA5TYDHD2SJ7YJCNEQIQ/ref=cm_cr_pr_pdp,,パターン(種類): 単品,Amazonで購入,,重い,しっかりし過ぎ？なのか私には重過ぎる脚を組み立てる時めちゃくちゃ硬くて力がいるその度に金属が削れる性能が悪い
B084LDGTYY,BUNDOK(バンドック) IR テーブル BD-164 メッシュ 焚き火 折りたたみ コンパクト,https://www.amazon.co.jp/dp/B084LDGTYY/,2021/9/15,4.0,かわたか,https://www.amazon.co.jp/gp/pdp/profile/amzn1.account.AGQAETYUUI4EOUYQIOLGOPGMSTMQ/ref=cm_cr_pr_pdp,,パターン(種類): 単品,Amazonで購入,,軽い！安い！以上！,軽くて安いです！！！ローチェアのテーブルとして、キャンプや海水浴に最適！
B084LDGTYY,BUNDOK(バンドック) IR テーブル BD-164 メッシュ 焚き火 折りたたみ コンパクト,https://www.amazon.co.jp/dp/B084LDGTYY/,2021/8/13,4.0,銀猿,https://www.amazon.co.jp/gp/pdp/profile/amzn1.account.AE44SM4QL35YLA43I3H4OUK52PIA/ref=cm_cr_pr_pdp,,パターン(種類): 単品,Amazonで購入,,重たい物を乗せるのは不安かな,丈夫さと安定性は少し不安ありますしかし値段とデザインと設置の楽さを考えると買って良かったです。自分で更にカスタムして使い勝手を良くしています。重たい物を乗せたり直接人が座るようなことをしなければ、ある程度カスタムして色々取り付けて問題ないと思うので楽しんで使っています
B084LDGTYY,BUNDOK(バンドック) IR テーブル BD-164 メッシュ 焚き火 折りたたみ コンパクト,https://www.amazon.co.jp/dp/B084LDGTYY/,2021/8/16,4.0,m909,https://www.amazon.co.jp/gp/pdp/profile/amzn1.account.AGQXXWP4ATYVFV4IAD5OPRH76JIA/ref=cm_cr_pr_pdp,,パターン(種類): 単品,Amazonで購入,,頑丈,コンパクトにまとまって、専用の袋に入れて持ち運べて便利熱いものでも、そのまま乗せてOK少し高さが低いかな?
B084LDGTYY,BUNDOK(バンドック) IR テーブル BD-164 メッシュ 焚き火 折りたたみ コンパクト,https://www.amazon.co.jp/dp/B084LDGTYY/,2021/8/13,4.0,Amazon カスタマー,https://www.amazon.co.jp/gp/pdp/profile/amzn1.account.AGHE55YVHQGRBVK2ECA726OFAXDQ/ref=cm_cr_pr_pdp,,パターン(種類): 単品,Amazonで購入,,コスパはいいです！,重さは重すぎず、軽すぎず、そのためしっかり安定してます。熱々の鉄板をそのまま載せられるのがかなり便利でした。1点だけ、YouTubeなどのレビューでも見かけましたが、畳む時に力とコツが必要です。簡単に畳めたら文句なしです。
B084LDGTYY,BUNDOK(バンドック) IR テーブル BD-164 メッシュ 焚き火 折りたたみ コンパクト,https://www.amazon.co.jp/dp/B084LDGTYY/,2021/7/24,4.0,人生これから,https://www.amazon.co.jp/gp/pdp/profile/amzn1.account.AHC5KGA53YGYM3PNY2FTOA6EPPTQ/ref=cm_cr_pr_pdp,,パターン(種類): 単品,Amazonで購入,1,残念ポイントが2点あり,脚が長くて、ロックがかかるので安定して使えるので購入。実際使ってみて安定して使えるが、重くて少し横の長さが短いのがネック。横の長さがもう10cm長くて、もう少し軽ければ☆5なんだけど。横幅が55cm高さが18cmの似たようなものと比べて500g程度は重い。改善希望。
B084LDGTYY,BUNDOK(バンドック) IR テーブル BD-164 メッシュ 焚き火 折りたたみ コンパクト,https://www.amazon.co.jp/dp/B084LDGTYY/,2021/8/18,4.0,Kindleのお客様,https://www.amazon.co.jp/gp/pdp/profile/amzn1.account.AFGV6ZFDWG3WZGYH2QJAXQ62J76Q/ref=cm_cr_pr_pdp,,パターン(種類): 単品,Amazonで購入,,使い勝手,使い勝手が良い。丈夫です。
B084LDGTYY,BUNDOK(バンドック) IR テーブル BD-164 メッシュ 焚き火 折りたたみ コンパクト,https://www.amazon.co.jp/dp/B084LDGTYY/,2022/1/5,5.0,NHK,https://www.amazon.co.jp/gp/pdp/profile/amzn1.account.AF7Z7GYIA3RIMZBNIO2UUCGKCZGA/ref=cm_cr_pr_pdp,,パターン(種類): 単品,Amazonで購入,,もう1つ欲しい,ロゴスのアグラチェアや地ベタスタイルでソロキャンプやってます。最初はフィールドラックに比べ高いかなって思いましたが意外と良い高さでしたもう1つ買って合わせて使ったりしたらフィールドラック要らないかなぁって思います収納袋も付いてるのが地味に良い
B084LDGTYY,BUNDOK(バンドック) IR テーブル BD-164 メッシュ 焚き火 折りたたみ コンパクト,https://www.amazon.co.jp/dp/B084LDGTYY/,2021/8/6,4.0,Amazon カスタマー,https://www.amazon.co.jp/gp/pdp/profile/amzn1.account.AF3TDQOPGJTCJVBD7IP2M6EW5O5A/ref=cm_cr_pr_pdp,,パターン(種類): 単品,Amazonで購入,1,良いね,ミニ焚き火台を置いて遊べますソロにピッタリ！
B084LDGTYY,BUNDOK(バンドック) IR テーブル BD-164 メッシュ 焚き火 折りたたみ コンパクト,https://www.amazon.co.jp/dp/B084LDGTYY/,2021/5/10,4.0,Amazing カスタマーさん,https://www.amazon.co.jp/gp/pdp/profile/amzn1.account.AGNAVENYLKXDWSCQS5SCAQES6LIQ/ref=cm_cr_pr_pdp,,パターン(種類): 単品,Amazonで購入,1,実用的でイイ！そしてけっこうかっこいい,UF焚き火テーブルよりひとまわり小さいです。天板の黒メッシュかっこいいし、かつ煤けたスキレットなど置いても汚れがわからないという一石二鳥！組み立ても脚を開くだけなので早い。ただ、脚をたたむときは少し力が要りますし、慣れるまではやりにくいと思います。品質は悪くないですよ。ゆくゆくはサイドのウッドパーツをもうちょいかっこよくカスタムしてもいいし、結構気に入りました。トータルでみてもマイナス点はほとんどないようにおもう。
B084LDGTYY,BUNDOK(バンドック) IR テーブル BD-164 メッシュ 焚き火 折りたたみ コンパクト,https://www.amazon.co.jp/dp/B084LDGTYY/,2022/5/19,2.0,まっち,https://www.amazon.co.jp/gp/pdp/profile/amzn1.account.AFAEFFJF2734WKVGKL3DIEDCB54A/ref=cm_cr_pr_pdp,,パターン(種類): 単品,Amazonで購入,,不良品でして,天板の両サイドにある木が片側グラグラでした。取り付けされてるビスを締めたら固定出来るかと思ったんですが、全然ビスが効かないです。塗装の剥げや傷もあるので、もしかしたら返品された物を送られたのかもしれません。返品したいです
B084LDGTYY,BUNDOK(バンドック) IR テーブル BD-164 メッシュ 焚き火 折りたたみ コンパクト,https://www.amazon.co.jp/dp/B084LDGTYY/,2021/6/27,4.0,ミドルアスリート,https://www.amazon.co.jp/gp/pdp/profile/amzn1.account.AH733M67XEZEJ4XHR4T2F33ZQHEQ/ref=cm_cr_pr_pdp,,パターン(種類): 単品,Amazonで購入,,それなりにオシャレで良し！,ソロで行くならコレ一つで十分です。見た目もオシャレで使いやすい。気に入って使ってます。
B084LDGTYY,BUNDOK(バンドック) IR テーブル BD-164 メッシュ 焚き火 折りたたみ コンパクト,https://www.amazon.co.jp/dp/B084LDGTYY/,2021/7/8,4.0,T,https://www.amazon.co.jp/gp/pdp/profile/amzn1.account.AEHBPWQPCVVTPNX3MCJAM7DHSW4Q/ref=cm_cr_pr_pdp,,パターン(種類): 単品,Amazonで購入,,コスパ◎,この値段で、この重量感なら悪くない。
B084LDGTYY,BUNDOK(バンドック) IR テーブル BD-164 メッシュ 焚き火 折りたたみ コンパクト,https://www.amazon.co.jp/dp/B084LDGTYY/,2021/6/28,4.0,通りすがりのカスタマー,https://www.amazon.co.jp/gp/pdp/profile/amzn1.account.AE53ILZJYB3BQUH6JFO4DKAPLH7Q/ref=cm_cr_pr_pdp,,パターン(種類): 単品,Amazonで購入,,傷多め,雑に使うつもりなんでそこまで気にしないけど新品とは思えない目立つ傷多数でした。
B084LDGTYY,BUNDOK(バンドック) IR テーブル BD-164 メッシュ 焚き火 折りたたみ コンパクト,https://www.amazon.co.jp/dp/B084LDGTYY/,2021/11/30,5.0,zosan,https://www.amazon.co.jp/gp/pdp/profile/amzn1.account.AFUTSYMGDGWYMH4KAXARIZ2CEYSA/ref=cm_cr_pr_pdp,,パターン(種類): 単品,Amazonで購入,,サイズ確認,思いの外　小さめバイクでシートバックの下敷きにして持って行きますがバックに入れないなら、少し大き目でも良いか
B084LDGTYY,BUNDOK(バンドック) IR テーブル BD-164 メッシュ 焚き火 折りたたみ コンパクト,https://www.amazon.co.jp/dp/B084LDGTYY/,2021/5/27,4.0,とも,https://www.amazon.co.jp/gp/pdp/profile/amzn1.account.AG56FZPQ2TBLQUQ5JNLYDEPPMMNQ/ref=cm_cr_pr_pdp,,パターン(種類): 単品,Amazonで購入,,使える,この手のテーブルの中では安くてサイズ感もよく使いやすい耐久性もいいと思う
B084LDGTYY,BUNDOK(バンドック) IR テーブル BD-164 メッシュ 焚き火 折りたたみ コンパクト,https://www.amazon.co.jp/dp/B084LDGTYY/,2021/11/15,3.0,TAKA 358,https://www.amazon.co.jp/gp/pdp/profile/amzn1.account.AGT7K7QMITZEP75ISUDZMK2MAIRA/ref=cm_cr_pr_pdp,,パターン(種類): 単品,Amazonで購入,,良い,良い
B084LDGTYY,BUNDOK(バンドック) IR テーブル BD-164 メッシュ 焚き火 折りたたみ コンパクト,https://www.amazon.co.jp/dp/B084LDGTYY/,2021/10/13,5.0,Ma2tea,https://www.amazon.co.jp/gp/pdp/profile/amzn1.account.AEJCK5CRZDK4TU5GUJYVMSBICTBQ/ref=cm_cr_pr_pdp,,パターン(種類): 単品,Amazonで購入,,お洒落,いつもファミリーサイズなのでソロキャン用に購入しました。袋もついててお洒落でいいですー！コスパも素晴らしいと思います。耐久性は今後使って確認したいと思います。
B084LDGTYY,BUNDOK(バンドック) IR テーブル BD-164 メッシュ 焚き火 折りたたみ コンパクト,https://www.amazon.co.jp/dp/B084LDGTYY/,2021/4/10,4.0,Amazon Customer,https://www.amazon.co.jp/gp/pdp/profile/amzn1.account.AFWMKDA7C5RWIJKV52LRNGHT3IGQ/ref=cm_cr_pr_pdp,,パターン(種類): 単品,Amazonで購入,1,コスパ???,コスパよかったので もう 一脚 オーダーしました
B084LDGTYY,BUNDOK(バンドック) IR テーブル BD-164 メッシュ 焚き火 折りたたみ コンパクト,https://www.amazon.co.jp/dp/B084LDGTYY/,2021/10/12,5.0,すま子,https://www.amazon.co.jp/gp/pdp/profile/amzn1.account.AEGOG6U6TOGW3O5JEGPS4PQI45OA/ref=cm_cr_pr_pdp,,パターン(種類): 単品,Amazonで購入,,地べたスタイルに,ローチェアや地べたスタイルには丁度良い高さで、ソロキャンで使用しています。ただ、重いのと脚の硬さがネックです。
B084LDGTYY,BUNDOK(バンドック) IR テーブル BD-164 メッシュ 焚き火 折りたたみ コンパクト,https://www.amazon.co.jp/dp/B084LDGTYY/,2021/10/7,3.0,キャンプマン,https://www.amazon.co.jp/gp/pdp/profile/amzn1.account.AG3RYKKUHGZ7TKVBG5TIM43WNFSA/ref=cm_cr_pr_pdp,,パターン(種類): 単品,Amazonで購入,,ん？,テーブルとしては非常に良いです。しかし、付属されている収納袋の持ち手が左右非対称（片方が長く、片方が短い）でした…ですので持ち運びの際は別の収納袋を使っています
B084LDGTYY,BUNDOK(バンドック) IR テーブル BD-164 メッシュ 焚き火 折りたたみ コンパクト,https://www.amazon.co.jp/dp/B084LDGTYY/,2021/10/15,3.0,AZU,https://www.amazon.co.jp/gp/pdp/profile/amzn1.account.AFWSDQTDSZ2TF27R4NRM4ARFAWEQ/ref=cm_cr_pr_pdp,,パターン(種類): 単品,Amazonで購入,,安いし使いやすいし物は素晴らしいが…,とても良い物なので複数個、所有しています。使い安いです。付属の収納袋に足跡が沢山有る事だけが残念です。
B084LDGTYY,BUNDOK(バンドック) IR テーブル BD-164 メッシュ 焚き火 折りたたみ コンパクト,https://www.amazon.co.jp/dp/B084LDGTYY/,2021/3/3,4.0,のこのこ,https://www.amazon.co.jp/gp/pdp/profile/amzn1.account.AGCHZSLRVOBCIU4WTCSXIFTV3DAQ/ref=cm_cr_pr_pdp,,パターン(種類): 単品,Amazonで購入,,とにかくかっこいい！,なんといってもかっこいい！デイトナヘンリービギンズのツーリングバッグLLを拡張しない状態で、にギリギリ入る大きさです。キャンツーには重い、大きいとわかっていましたが、なお余りあるかっこよさで満足しています。
B084LDGTYY,BUNDOK(バンドック) IR テーブル BD-164 メッシュ 焚き火 折りたたみ コンパクト,https://www.amazon.co.jp/dp/B084LDGTYY/,2020/12/9,4.0,GAMI,https://www.amazon.co.jp/gp/pdp/profile/amzn1.account.AFMYOV7PDLEIXEIXZTE37DV6N2TQ/ref=cm_cr_pr_pdp,,パターン(種類): 単品,Amazonで購入,2,見た目とコスト最強,この値段でなら全然ありです。頑丈な作りですが、折り畳んだ時に足がぶらぶらしてしまいますがバッグに入れるのであまり気にならない。サイドに木があるので焚き火や直火はダメですね。サイドの木はネジで止まっているだけなので取ってしまえばい直火できそうです。高さとサイズも丁度いいです。少し小ぶりなので他のメーカーの物より軽いです。
B084LDGTYY,BUNDOK(バンドック) IR テーブル BD-164 メッシュ 焚き火 折りたたみ コンパクト,https://www.amazon.co.jp/dp/B084LDGTYY/,2021/2/12,4.0,なり,https://www.amazon.co.jp/gp/pdp/profile/amzn1.account.AFNRDTPSPEWKRYMGVO6R5PHLMSCA/ref=cm_cr_pr_pdp,,パターン(種類): 単品,Amazonで購入,,良かった,思ったより丈夫で問題ない足の部分が少し変形していたが、自分で手直し可能なレベル内
B084LDGTYY,BUNDOK(バンドック) IR テーブル BD-164 メッシュ 焚き火 折りたたみ コンパクト,https://www.amazon.co.jp/dp/B084LDGTYY/,2021/2/6,4.0,不思議,https://www.amazon.co.jp/gp/pdp/profile/amzn1.account.AELNYQYCA22OE7G3JADZPAQCLUOQ/ref=cm_cr_pr_pdp,,パターン(種類): 単品,Amazonで購入,2,安っ！,色んなメーカーから似たような製品出てますが 造りしっかり見た目も良いし何と言っても安く買えた
B084LDGTYY,BUNDOK(バンドック) IR テーブル BD-164 メッシュ 焚き火 折りたたみ コンパクト,https://www.amazon.co.jp/dp/B084LDGTYY/,2021/2/15,4.0,Amazon カスタマー,https://www.amazon.co.jp/gp/pdp/profile/amzn1.account.AE7YL3GAA35XOIEJM6DXEYK27FVQ/ref=cm_cr_pr_pdp,,パターン(種類): 単品,Amazonで購入,1,サイドテーブルやグリルにも,焚火台に被せて火力調節にも使えるが、気をつけ無いと両脇の飾り木が燃えてしまう、さ
B084LDGTYY,BUNDOK(バンドック) IR テーブル BD-164 メッシュ 焚き火 折りたたみ コンパクト,https://www.amazon.co.jp/dp/B084LDGTYY/,2020/11/12,4.0,いぬドックわん太郎,https://www.amazon.co.jp/gp/pdp/profile/amzn1.account.AGTFUU7HAUPPO5YHNWJ224BY37NQ/ref=cm_cr_pr_pdp,,パターン(種類): 単品,Amazonで購入,2,転売ヤーに要注意,2527円で購入。安い割に使えます。両サイドの天然木も良い感じですね。フリマサイトで倍以上で売っている悪どい転売ヤーが居ますので、こういう輩に気をつけて下さい。
B084LDGTYY,BUNDOK(バンドック) IR テーブル BD-164 メッシュ 焚き火 折りたたみ コンパクト,https://www.amazon.co.jp/dp/B084LDGTYY/,2021/2/10,4.0,Hajime,https://www.amazon.co.jp/gp/pdp/profile/amzn1.account.AEDTEIPU4XFN7LMMVUU7YQBIBV5A/ref=cm_cr_pr_pdp,,パターン(種類): 単品,Amazonで購入,2,安い,丈夫さと気兼ねなさはお値段以上です♪
B084LDGTYY,BUNDOK(バンドック) IR テーブル BD-164 メッシュ 焚き火 折りたたみ コンパクト,https://www.amazon.co.jp/dp/B084LDGTYY/,2021/2/5,4.0,うまい棒もずく味,https://www.amazon.co.jp/gp/pdp/profile/amzn1.account.AHAM2SJ2GBBCJUR2S6IMYV5P5SYQ/ref=cm_cr_pr_pdp,,パターン(種類): 単品,Amazonで購入,,ええがな,デザインやな！あかんのは重たいわ。
B084LDGTYY,BUNDOK(バンドック) IR テーブル BD-164 メッシュ 焚き火 折りたたみ コンパクト,https://www.amazon.co.jp/dp/B084LDGTYY/,2022/1/24,2.0,イグッチ,https://www.amazon.co.jp/gp/pdp/profile/amzn1.account.AFKB5WLO6NZUHNR3ZN7OF42XBUAQ/ref=cm_cr_pr_pdp,,パターン(種類): 単品,Amazonで購入,,足が弱い,足が弱い　折り畳みの部分の金物が弱すぎるだから買わない方が良い
B084LDGTYY,BUNDOK(バンドック) IR テーブル BD-164 メッシュ 焚き火 折りたたみ コンパクト,https://www.amazon.co.jp/dp/B084LDGTYY/,2020/10/4,4.0,くいこみパンサー,https://www.amazon.co.jp/gp/pdp/profile/amzn1.account.AHKLV3OSUAQSX6SKDEYXTI3RIOLQ/ref=cm_cr_pr_pdp,,パターン(種類): 単品,Amazonで購入,3,値段からすればかなり良い品,類似商品はいくつかあるかと思いますが、左右のウッドがアクセントになっていて良いです。メッシュ部分が僅かに沿っていて困ったことは無いですが置くものによっては多少の不安定感はあるかもしれません。軽くて持ち運びにも困りませんので、野外だけでなく家でも便利に使っています。
B084LDGTYY,BUNDOK(バンドック) IR テーブル BD-164 メッシュ 焚き火 折りたたみ コンパクト,https://www.amazon.co.jp/dp/B084LDGTYY/,2020/10/27,4.0,Amazon カスタマー,https://www.amazon.co.jp/gp/pdp/profile/amzn1.account.AHLUSZIKSXHIL4GVS6ATQP7V73WQ/ref=cm_cr_pr_pdp,,パターン(種類): 単品,Amazonで購入,,キャンプで使用,もう少し、大きいと良かったかな
B084LDGTYY,BUNDOK(バンドック) IR テーブル BD-164 メッシュ 焚き火 折りたたみ コンパクト,https://www.amazon.co.jp/dp/B084LDGTYY/,2021/5/11,5.0,あちゃん,https://www.amazon.co.jp/gp/pdp/profile/amzn1.account.AHRUYOHOZWZADARAEBVXFRRUURBQ/ref=cm_cr_pr_pdp,,パターン(種類): 単品,Amazonで購入,1,買ってよかった,焚き火用に買いました。熱々のスキレットやケトルもそのまま乗せられて便利。脚を広げる際は楽々。ただ仕舞う際は固くて少しコツが要ります。でもそれを差し引いても見た目がとてもお洒落で、ロースタイルに合い高さ、大きさ、重さともに手頃で重宝しています。気にいりすぎて３つ目を買い足しました。使い始めてまだ半年もないので耐久性はわかりません。
B084LDGTYY,BUNDOK(バンドック) IR テーブル BD-164 メッシュ 焚き火 折りたたみ コンパクト,https://www.amazon.co.jp/dp/B084LDGTYY/,2021/7/23,5.0,明日もヨー,https://www.amazon.co.jp/gp/pdp/profile/amzn1.account.AGPS2ZCOJ3XMYB2EARRAQ6EMNH3A/ref=cm_cr_pr_pdp,,パターン(種類): 単品,Amazonで購入,,手頃,凄く良い！
B084LDGTYY,BUNDOK(バンドック) IR テーブル BD-164 メッシュ 焚き火 折りたたみ コンパクト,https://www.amazon.co.jp/dp/B084LDGTYY/,2020/7/9,4.0,AbeYamero,https://www.amazon.co.jp/gp/pdp/profile/amzn1.account.AEVM5P3CCUZDI3YHOLTTMXIKJQTA/ref=cm_cr_pr_pdp,,パターン(種類): 単品,Amazonで購入,2,これ良いです。,簡単な収納袋も付いてくるのでコスパ良いと思います。大きさも良いですね。ただ、収納時はいかんせん脚がプラプラしちゃいますが袋に入れてしまえば気になりません。総合的に満足しております。
B084LDGTYY,BUNDOK(バンドック) IR テーブル BD-164 メッシュ 焚き火 折りたたみ コンパクト,https://www.amazon.co.jp/dp/B084LDGTYY/,2020/7/2,4.0,Amazon カスタマー,https://www.amazon.co.jp/gp/pdp/profile/amzn1.account.AHX4P72FC6PPSWCLH55LUMWG4NHA/ref=cm_cr_pr_pdp,,パターン(種類): 単品,Amazonで購入,,値段相応、結構使えます,作りは少し雑です、それと安定感も少し心配ですが、値段を考えたら、納得できる範囲でした。パット見、大きさ良い感じだし、悪くない買い物だと思います。
B084LDGTYY,BUNDOK(バンドック) IR テーブル BD-164 メッシュ 焚き火 折りたたみ コンパクト,https://www.amazon.co.jp/dp/B084LDGTYY/,2021/7/4,5.0,mas,https://www.amazon.co.jp/gp/pdp/profile/amzn1.account.AHNCY666FPLR3CFTESJ3MVQSQVNQ/ref=cm_cr_pr_pdp,,パターン(種類): 単品,Amazonで購入,,オススメです,使いやすくサイズ感もよくいい物を買えました。
B084LDGTYY,BUNDOK(バンドック) IR テーブル BD-164 メッシュ 焚き火 折りたたみ コンパクト,https://www.amazon.co.jp/dp/B084LDGTYY/,2021/1/14,5.0,g,https://www.amazon.co.jp/gp/pdp/profile/amzn1.account.AH5GDQ3H3WG2H5RH72SQNXK6Z5WQ/ref=cm_cr_pr_pdp,,パターン(種類): 単品,Amazonで購入,16,ローチェアにピッタリ・高さOK・お値段安くて、買いです。,ニトリのアウトドア用の椅子を使用していますが、このローチェアにピッタリの高さで良かったです。逆によくホームセンターに売っているような椅子やヘリノックスのような高さの椅子だと低すぎるのでちょっと使いづらいかもしれないですね。テーブルの素材が網状になっている鉄なので、ユニセラTG-Ⅲミニを上においても問題なく使用できました。安定性もありました。写真の通り、ユニセラ、マグカップ、コップ、ビール、ベルモントの鉄板も置けちゃうくらいのスペース感です。一人キャンプでも、他にもラジオや、食べ物、とかおきたい場合はもう一つ追加で購入しても良いと思いました。他の方も実践されていますが、左右が木なのでダイソーやセリアなんかに売っているアイアンなんかを取り付けても可愛いし、拡張性があって素敵だと思います。持ち運びに関しては、専用の袋が最初から付いているので便利だと思いました。鉄素材なので、それなりの重さはありますが、脚を折り畳むと薄くなるので携帯性はOKだと思います。お値段も他のアイアンテーブルと比べてもリーズナブルなので、持っていても損はないと思います。
B084LDGTYY,BUNDOK(バンドック) IR テーブル BD-164 メッシュ 焚き火 折りたたみ コンパクト,https://www.amazon.co.jp/dp/B084LDGTYY/,2021/6/26,5.0,竹村,https://www.amazon.co.jp/gp/pdp/profile/amzn1.account.AHLJZYAFBNWF7NDIFAOTHT2Z3Z5Q/ref=cm_cr_pr_pdp,,パターン(種類): 単品,Amazonで購入,,おしゃれ,すごいおしゃれです。映えます。
B084LDGTYY,BUNDOK(バンドック) IR テーブル BD-164 メッシュ 焚き火 折りたたみ コンパクト,https://www.amazon.co.jp/dp/B084LDGTYY/,2020/6/6,4.0,中村政文,https://www.amazon.co.jp/gp/pdp/profile/amzn1.account.AEONI6V27EV72HTIVGKQX4WUJKDQ/ref=cm_cr_pr_pdp,,パターン(種類): 単品,Amazonで購入,,丈夫です,使い勝手のいい、ちょうどいいテーブルでした
B084LDGTYY,BUNDOK(バンドック) IR テーブル BD-164 メッシュ 焚き火 折りたたみ コンパクト,https://www.amazon.co.jp/dp/B084LDGTYY/,2021/2/4,5.0,キャンプ初心者,https://www.amazon.co.jp/gp/pdp/profile/amzn1.account.AH7XKKHJMWHRTLWXXWD5OG7LFWFA/ref=cm_cr_pr_pdp,,パターン(種類): 単品,Amazonで購入,4,ソロに最適,初キャンプ、初ソロ用に購入。車だったので重さは気にならなかった。専用ケースはナイロン製。ツーキャンにも使えそう。徒歩だとこの重さは気になるのかもしれないし、ならないかもしれない。夜はよくあるアウトドア用の椅子に腰掛けてメインテーブルとして使用。朝はテント前室に置いて寝床の横から地べたスタイルで使用。どちらでも大活躍。ガタつきも無し。天板は熱々のスキレット直置きも平気。コンパクト焚き火台を置いても平気。広さは、五徳付きアルコールバーナー、100均スキレットS、クッカー、メスティンを同時に置いて丁度良かった。バーナーをコンパクト焚き火台に変えたら手狭だった。コスパはかなり良いと思う。2台目にも良いかもと思ったら、入荷待ちになってた。かなり使えた。
B084LDGTYY,BUNDOK(バンドック) IR テーブル BD-164 メッシュ 焚き火 折りたたみ コンパクト,https://www.amazon.co.jp/dp/B084LDGTYY/,2021/6/14,5.0,ひろ,https://www.amazon.co.jp/gp/pdp/profile/amzn1.account.AHBASBBIWBKFJ26ZUJRU6EPYXW5A/ref=cm_cr_pr_pdp,,パターン(種類): 単品,Amazonで購入,,ソロキャンパーにおすすめ,ソロキャンプに丁度いい。デザインも良く、専用の収納バックが付属しているのがいい。
B084LDGTYY,BUNDOK(バンドック) IR テーブル BD-164 メッシュ 焚き火 折りたたみ コンパクト,https://www.amazon.co.jp/dp/B084LDGTYY/,2021/3/7,5.0,Amazon カスタマー,https://www.amazon.co.jp/gp/pdp/profile/amzn1.account.AGU7HBKDGWKHF6CIRK3A2NVUPDPA/ref=cm_cr_pr_pdp,,パターン(種類): 単品,Amazonで購入,1,雰囲気よし！サイズ感よし,ソロで使うのにちょうど良い大きさです！ウッドとアイアンの雰囲気もお洒落です。ファミキャンの時はサイドテーブルにも使えそうです^ ^ ガタつきもなく全体的に悪くはないのですが、自分の個体は足を広げたときに最後に手で広げないと、ガチッとロックされません。使ううちに馴染んでくれば手で広げなくても良くなると思いますが‥これからキャンプでガシガシ使いたいと思います。
B084LDGTYY,BUNDOK(バンドック) IR テーブル BD-164 メッシュ 焚き火 折りたたみ コンパクト,https://www.amazon.co.jp/dp/B084LDGTYY/,2021/5/10,5.0,土,https://www.amazon.co.jp/gp/pdp/profile/amzn1.account.AHOTLJLNKTOBQQX7ZS5BGE2P44GQ/ref=cm_cr_pr_pdp,,パターン(種類): 単品,Amazonで購入,,思ったより丈夫,天板が金属製で缶ビール等を直に置くと滑りやすいけど、水平に設置すれば問題ないですね。テーブルは塩化ビニール製や、合板製より丈夫で安定感があり、購入して良かったです。
B084LDGTYY,BUNDOK(バンドック) IR テーブル BD-164 メッシュ 焚き火 折りたたみ コンパクト,https://www.amazon.co.jp/dp/B084LDGTYY/,2021/2/25,5.0,Amazon カスタマー,https://www.amazon.co.jp/gp/pdp/profile/amzn1.account.AGCCRANNIG3U27BQ3EQQSOVTCVDQ/ref=cm_cr_pr_pdp,,パターン(種類): 単品,Amazonで購入,1,コスパ最強♪,"写真のように黒い傷が付いてましたが全く気にならない。どうでもいい。だって安いんだもん（2,500円）。ヤスリで磨こう。てことで細かいことを気にする人は購入しないほうがよい。私はもう一個購入しますよ♪"
B084LDGTYY,BUNDOK(バンドック) IR テーブル BD-164 メッシュ 焚き火 折りたたみ コンパクト,https://www.amazon.co.jp/dp/B084LDGTYY/,2021/3/19,5.0,アキラ,https://www.amazon.co.jp/gp/pdp/profile/amzn1.account.AFTMLFUCQIMCUETVYWWMNCDFTUBQ/ref=cm_cr_pr_pdp,,パターン(種類): 単品,Amazonで購入,,良い商品です。,キャンプで使用するのに最高のテーブルです。収納袋も有るし。撤収時足が固定出来れば尚最高でした。
B084LDGTYY,BUNDOK(バンドック) IR テーブル BD-164 メッシュ 焚き火 折りたたみ コンパクト,https://www.amazon.co.jp/dp/B084LDGTYY/,2021/1/7,5.0,EVO4,https://www.amazon.co.jp/gp/pdp/profile/amzn1.account.AFNYT537ZUSPJPF6LEXEANC7HGQA/ref=cm_cr_pr_pdp,,パターン(種類): 単品,Amazonで購入,1,安く軽くしっかりしている,とにかくこの値段でこのクオリティは素晴らしい。　軽くて足がしっかり収納されるので積載しやすい。もう少し大きいものがあれば嬉しいが、ソロキャンプ ならこれくらいがいいという方も多いでしょう。耐熱テーブルとして使えますが、焚き火から近いと木の部分が焦げてしまいます。そこが残念。木のおかげで見た目や質感は上がってるので許容範囲かな。足がしっかりしておりぐらつくことはありません。オススメです。
B084LDGTYY,BUNDOK(バンドック) IR テーブル BD-164 メッシュ 焚き火 折りたたみ コンパクト,https://www.amazon.co.jp/dp/B084LDGTYY/,2021/2/25,5.0,Amazon カスタマー,https://www.amazon.co.jp/gp/pdp/profile/amzn1.account.AFX5UTUVZY2XJ4C6OICO73ZKW3CQ/ref=cm_cr_pr_pdp,,パターン(種類): 単品,Amazonで購入,1,久しぶりにいい物買った,"塗装の質感、サイズ、設置収納の手軽さ、収納ケースの付属と丈夫さ、価格（2,500円で購入）などを総合的に見て星5つですね。実際届いたものは片側のウッドの取り付けが甘くグラグラしていましたが（ネジが完全に締まってない）、だからといって4点ではなく、5点を付けたいです。本家フィールドラックも4台所有してますが、重く、収納時にガチャガチャするし、開閉には力がいるしで、ほとんど使っていいません。なぜこれ程人気があるのか？？？これからはバンドックを使います。ローディ24にもピッタリです。"
B084LDGTYY,BUNDOK(バンドック) IR テーブル BD-164 メッシュ 焚き火 折りたたみ コンパクト,https://www.amazon.co.jp/dp/B084LDGTYY/,2020/11/22,5.0,LC475,https://www.amazon.co.jp/gp/pdp/profile/amzn1.account.AGEJ5ILKFNUQI4ORNHHRN2CGX22A/ref=cm_cr_pr_pdp,,パターン(種類): 単品,Amazonで購入,5,ロースタイルには最高！,流行りの軽量・コンパクトロールテーブルと違い、折りたためるのは足だけ。素材も鉄のため、重量もそれなりにあります。しかし、そのおかげで安定性は抜群、重量も車での移動なら全く問題なし。テーブルの高さも、ローチェアで使えばちょうどいい。熱いものを載せても問題なし、耐荷重もそれなりにあるので、クーラースタンドとしても重宝しています。収納に関しても、収納袋も付属し積載時の安定性も抜群。夫婦二人のキャンプで、クーラースタンドとローチェア横のサイドテーブル、おまけの一つという4つ構成で大満足の商品です。娘も最近ソロキャンプを始めたので、お勧めしています。
B084LDGTYY,BUNDOK(バンドック) IR テーブル BD-164 メッシュ 焚き火 折りたたみ コンパクト,https://www.amazon.co.jp/dp/B084LDGTYY/,2021/3/7,5.0,中田和男,https://www.amazon.co.jp/gp/pdp/profile/amzn1.account.AE7OAOFRYJSBF66DJEGCOCLZY2LQ/ref=cm_cr_pr_pdp,,パターン(種類): 単品,Amazonで購入,1,重さを考えなければ良いかなと思います。,自宅でBBQをする時に使っています。重さは多少ありますが、安定性と耐久性は良いと思います。
B084LDGTYY,BUNDOK(バンドック) IR テーブル BD-164 メッシュ 焚き火 折りたたみ コンパクト,https://www.amazon.co.jp/dp/B084LDGTYY/,2021/4/4,5.0,UG3,https://www.amazon.co.jp/gp/pdp/profile/amzn1.account.AHNMMU3RDU3VB2GFUEPLM5HRE4TQ/ref=cm_cr_pr_pdp,,パターン(種類): 単品,Amazonで購入,,焚火台の近くでガンガン使えます。,耐荷重３kgとの表示ですが、もっといけそうなくらい安定しています。お湯の入った大きいケトルや鍋など熱いものを置いても大丈夫です。火のすぐそばでガンガン使えます。
B084LDGTYY,BUNDOK(バンドック) IR テーブル BD-164 メッシュ 焚き火 折りたたみ コンパクト,https://www.amazon.co.jp/dp/B084LDGTYY/,2021/3/17,5.0,Amazon カスタマー,https://www.amazon.co.jp/gp/pdp/profile/amzn1.account.AFYQRUINDHIW3VFQ2R2LNH25IPSQ/ref=cm_cr_pr_pdp,,パターン(種類): 単品,Amazonで購入,,見た目が良い,ひとりでの使用であればコンパクトで使いやすい
B084LDGTYY,BUNDOK(バンドック) IR テーブル BD-164 メッシュ 焚き火 折りたたみ コンパクト,https://www.amazon.co.jp/dp/B084LDGTYY/,2021/3/15,5.0,Amazon カスタマー,https://www.amazon.co.jp/gp/pdp/profile/amzn1.account.AGGXUUI2AFQS3I2JTHCJJYB4VGUA/ref=cm_cr_pr_pdp,,パターン(種類): 単品,Amazonで購入,,素晴らしい,メッシュだと汁物ごぼしてもいいし熱いものも置けるしガンガン使える
B084LDGTYY,BUNDOK(バンドック) IR テーブル BD-164 メッシュ 焚き火 折りたたみ コンパクト,https://www.amazon.co.jp/dp/B084LDGTYY/,2020/12/6,5.0,Amazon カスタマー,https://www.amazon.co.jp/gp/pdp/profile/amzn1.account.AGVQEY4RCS7OSYZVIULPKLUKN5KA/ref=cm_cr_pr_pdp,,パターン(種類): 単品,Amazonで購入,,納得の買い物です。,まだ２回しか使用していませんが、納得の買い物だと思っています。ダッチオーブンを熱いまま置いても全く問題なく、焚き火台の近くに置いても、心配無用です。また、コーヒーを入れる際にも使えて、十分な大きさです。これからも活躍してくれること、間違いなしです。
B084LDGTYY,BUNDOK(バンドック) IR テーブル BD-164 メッシュ 焚き火 折りたたみ コンパクト,https://www.amazon.co.jp/dp/B084LDGTYY/,2021/2/24,5.0,羽賀雅由起,https://www.amazon.co.jp/gp/pdp/profile/amzn1.account.AGAVNXMXCV7VVX4FTXVJQ2HQEUZA/ref=cm_cr_pr_pdp,,パターン(種類): 単品,Amazonで購入,,かっこいい,設営が簡単
B084LDGTYY,BUNDOK(バンドック) IR テーブル BD-164 メッシュ 焚き火 折りたたみ コンパクト,https://www.amazon.co.jp/dp/B084LDGTYY/,2021/2/17,5.0,TM,https://www.amazon.co.jp/gp/pdp/profile/amzn1.account.AFAVD3XF54C4DDXZUDH2G7TATQIQ/ref=cm_cr_pr_pdp,,パターン(種類): 単品,Amazonで購入,,無骨ミリタリーキャンプ,悪くはないです??
B084LDGTYY,BUNDOK(バンドック) IR テーブル BD-164 メッシュ 焚き火 折りたたみ コンパクト,https://www.amazon.co.jp/dp/B084LDGTYY/,2021/1/6,5.0,わかめラブ,https://www.amazon.co.jp/gp/pdp/profile/amzn1.account.AH5GL5UVL7OSIIPM7ONXOLJ4EXUA/ref=cm_cr_pr_pdp,,パターン(種類): 単品,Amazonで購入,,長く使えそう。コスパ最高。,作りがしっかりしていて、安定します。その分重さが気になりますが、車でキャンプされる方なら問題ないと思います。思ったより小ぶりなサイズでしたが、見た目も素敵で気に入りました！
B084LDGTYY,BUNDOK(バンドック) IR テーブル BD-164 メッシュ 焚き火 折りたたみ コンパクト,https://www.amazon.co.jp/dp/B084LDGTYY/,2020/12/28,5.0,Amazon カスタマー,https://www.amazon.co.jp/gp/pdp/profile/amzn1.account.AHJ762X5IPOFW6KLN5SOHUS6VUPA/ref=cm_cr_pr_pdp,,パターン(種類): 単品,Amazonで購入,,good,大きさが抜群に使いやすい買って良かったです
B084LDGTYY,BUNDOK(バンドック) IR テーブル BD-164 メッシュ 焚き火 折りたたみ コンパクト,https://www.amazon.co.jp/dp/B084LDGTYY/,2020/10/8,5.0,山たかろう,https://www.amazon.co.jp/gp/pdp/profile/amzn1.account.AGJUXRDJZXNPPUBR7WKDDAO43WRA/ref=cm_cr_pr_pdp,,パターン(種類): 単品,Amazonで購入,2,安い・安定・安心だと思います。,造りもしっかりしていて、軽く持ち運びも楽です。このテーブルの上でアルミトレーを置き、ソロストーブで焚き火しています。芝も焼かず、安心です。
B084LDGTYY,BUNDOK(バンドック) IR テーブル BD-164 メッシュ 焚き火 折りたたみ コンパクト,https://www.amazon.co.jp/dp/B084LDGTYY/,2020/9/20,5.0,Shuma,https://www.amazon.co.jp/gp/pdp/profile/amzn1.account.AGS432FJWAJECD4QDVH42O3C7HJA/ref=cm_cr_pr_pdp,,パターン(種類): 単品,Amazonで購入,4,My table,I love it .
B084LDGTYY,BUNDOK(バンドック) IR テーブル BD-164 メッシュ 焚き火 折りたたみ コンパクト,https://www.amazon.co.jp/dp/B084LDGTYY/,2020/12/30,5.0,吉舎 侑.,https://www.amazon.co.jp/gp/pdp/profile/amzn1.account.AEXCCEOZ5QZLAOWZ3PKGPMT3WQ2A/ref=cm_cr_pr_pdp,,パターン(種類): 単品,Amazonで購入,,木枠がかっこいい,おしゃれで丈夫
B084LDGTYY,BUNDOK(バンドック) IR テーブル BD-164 メッシュ 焚き火 折りたたみ コンパクト,https://www.amazon.co.jp/dp/B084LDGTYY/,2020/11/16,5.0,ちょむ,https://www.amazon.co.jp/gp/pdp/profile/amzn1.account.AHQH3S4LICT4VJQBUXQOAYKXCIPQ/ref=cm_cr_pr_pdp,,パターン(種類): 単品,Amazonで購入,1,値段以上の良いテーブル,値段は安いですが非常に良い商品です！熱いものを置いても問題なくサイドの木枠も交換できそうです！
B084LDGTYY,BUNDOK(バンドック) IR テーブル BD-164 メッシュ 焚き火 折りたたみ コンパクト,https://www.amazon.co.jp/dp/B084LDGTYY/,2020/12/7,5.0,ナルチェ,https://www.amazon.co.jp/gp/pdp/profile/amzn1.account.AHCQMIYUNATOCEEH3SZYWFKO4LUQ/ref=cm_cr_pr_pdp,,パターン(種類): 単品,Amazonで購入,7,コスパ最強焚火台テーブル,ユニフレームの焚火台テーブルを今まで使用してましたが、安定性に欠けるのとテーブルがメッシュになってないので汚れが残るのがいやでした。こちらのテーブルは価格的にはユニフレームよりかなり安く割と軽いですが、フレームがしっかりしてて安定してます。直火とかするようなテーブルではありませんが、熱々のフライパンを置いても特に問題ありませんでした。メーカーロゴはなく無印ですが、両サイドについてる木がオシャレです。久しぶりに良い買い物をしました。
B084LDGTYY,BUNDOK(バンドック) IR テーブル BD-164 メッシュ 焚き火 折りたたみ コンパクト,https://www.amazon.co.jp/dp/B084LDGTYY/,2020/11/8,5.0,すばる,https://www.amazon.co.jp/gp/pdp/profile/amzn1.account.AG7ZL5VOYBV7O2NWGTFULS7UL27Q/ref=cm_cr_pr_pdp,,パターン(種類): 単品,Amazonで購入,,ダッチオーブンも置けました。,少しテーブル自体は重いですが、値段の割りに作りはしっかりとしていてダッチオーブンやスキレットなどを置いてもぐらつきもなく使えたので買って満足しています。
B084LDGTYY,BUNDOK(バンドック) IR テーブル BD-164 メッシュ 焚き火 折りたたみ コンパクト,https://www.amazon.co.jp/dp/B084LDGTYY/,2020/9/5,5.0,アマゾン四郎,https://www.amazon.co.jp/gp/pdp/profile/amzn1.account.AGFTESRL5YHBGGAWU4RCJ5WYQRFA/ref=cm_cr_pr_pdp,,パターン(種類): 単品,Amazonで購入,2,ソロキャンプに良いテーブルです,造りもシッカリしており本木のデザインがいいです。（ちょっとこだわり、おしゃれ感、木肘チェアとマッチ・・・）シッカリした専用袋も備わっておりこのクオリティなら割安感あります。買って良かった商品です。
B084LDGTYY,BUNDOK(バンドック) IR テーブル BD-164 メッシュ 焚き火 折りたたみ コンパクト,https://www.amazon.co.jp/dp/B084LDGTYY/,2020/12/8,5.0,中村隼人,https://www.amazon.co.jp/gp/pdp/profile/amzn1.account.AEHDBXWH52SETRYGBET4RKYW5UAQ/ref=cm_cr_pr_pdp,,パターン(種類): 単品,Amazonで購入,1,想像通り,とても使いやすいです。
B084LDGTYY,BUNDOK(バンドック) IR テーブル BD-164 メッシュ 焚き火 折りたたみ コンパクト,https://www.amazon.co.jp/dp/B084LDGTYY/,2020/11/16,5.0,しちぶたけお,https://www.amazon.co.jp/gp/pdp/profile/amzn1.account.AEA2IWGG3VDFXIQYVGIDRL6FMH6A/ref=cm_cr_pr_pdp,,パターン(種類): 単品,Amazonで購入,,イイ,イイ
B084LDGTYY,BUNDOK(バンドック) IR テーブル BD-164 メッシュ 焚き火 折りたたみ コンパクト,https://www.amazon.co.jp/dp/B084LDGTYY/,2020/12/5,5.0,新谷雅人,https://www.amazon.co.jp/gp/pdp/profile/amzn1.account.AEDQ3W5GZ764PQGMGBEMVQEKQ7IQ/ref=cm_cr_pr_pdp,,パターン(種類): 単品,Amazonで購入,,大きすぎず、小さすぎず最高の焚き火テーブルです。,　値段も高額でなく、見た目もかっこ良く大変気に入ってます。
B084LDGTYY,BUNDOK(バンドック) IR テーブル BD-164 メッシュ 焚き火 折りたたみ コンパクト,https://www.amazon.co.jp/dp/B084LDGTYY/,2020/11/30,5.0,まとりっくす,https://www.amazon.co.jp/gp/pdp/profile/amzn1.account.AH3Y47ZBYUEWEW6EUMGYHTQTHAGA/ref=cm_cr_pr_pdp,,パターン(種類): 単品,Amazonで購入,3,色々な作業台として重宝しますよ。,金属なので多少の重さは感じますが、気になるほどではありません。中型のスキレットやダッチオーブンも問題なく安定して置くことが出来、色剥げや変色など耐熱性も問題ありません。2個購入し、重宝しています。
B084LDGTYY,BUNDOK(バンドック) IR テーブル BD-164 メッシュ 焚き火 折りたたみ コンパクト,https://www.amazon.co.jp/dp/B084LDGTYY/,2021/1/22,3.0,へんろ８８,https://www.amazon.co.jp/gp/pdp/profile/amzn1.account.AELSY5R4SVUCYDSAMB2IVNY62UPA/ref=cm_cr_pr_pdp,,パターン(種類): 単品,Amazonで購入,,カッコイイ、コスパ最高,木の淵がおしゃれ、高さがロースタイルでちょうどいい。
B084LDGTYY,BUNDOK(バンドック) IR テーブル BD-164 メッシュ 焚き火 折りたたみ コンパクト,https://www.amazon.co.jp/dp/B084LDGTYY/,2020/11/23,5.0,徳田章平,https://www.amazon.co.jp/gp/pdp/profile/amzn1.account.AFR7N5IA5MRCUPGPER3RHJSJA54Q/ref=cm_cr_pr_pdp,,パターン(種類): 単品,Amazonで購入,,使用頻度高い,使える
B084LDGTYY,BUNDOK(バンドック) IR テーブル BD-164 メッシュ 焚き火 折りたたみ コンパクト,https://www.amazon.co.jp/dp/B084LDGTYY/,2020/10/31,5.0,Amazon カスタマー,https://www.amazon.co.jp/gp/pdp/profile/amzn1.account.AFJ44JDCFXLWTMM3NWVL5RTUPG6A/ref=cm_cr_pr_pdp,,パターン(種類): 単品,Amazonで購入,,オススメします。,安定感、焚き火台の上に置いても大丈夫。まあ、鉄製なのでやや重いかな。
B084LDGTYY,BUNDOK(バンドック) IR テーブル BD-164 メッシュ 焚き火 折りたたみ コンパクト,https://www.amazon.co.jp/dp/B084LDGTYY/,2020/10/22,5.0,彩,https://www.amazon.co.jp/gp/pdp/profile/amzn1.account.AEATHTHBKH4B7NDOQCWIYICIMJKA/ref=cm_cr_pr_pdp,,パターン(種類): 単品,Amazonで購入,,とてもコンパクトです！,バイクでも積めて、とても良いです。
B084LDGTYY,BUNDOK(バンドック) IR テーブル BD-164 メッシュ 焚き火 折りたたみ コンパクト,https://www.amazon.co.jp/dp/B084LDGTYY/,2021/8/7,2.0,国産ラバー,https://www.amazon.co.jp/gp/pdp/profile/amzn1.account.AEQ6A2ONTP7CSDUK7R4BJ5SVLHPQ/ref=cm_cr_pr_pdp,,パターン(種類): 単品,Amazonで購入,1,検品はしないの？,テーブル自体は安い割にしっかりしていて良いのですが、他の方のレビューにもありましたが、収納袋に靴跡がくっきりついていて残念です。まぁコロナ発祥の国で作られたものだろうし良いイメージは皆無だわ。
B084LDGTYY,BUNDOK(バンドック) IR テーブル BD-164 メッシュ 焚き火 折りたたみ コンパクト,https://www.amazon.co.jp/dp/B084LDGTYY/,2020/6/18,5.0,Hosaka,https://www.amazon.co.jp/gp/pdp/profile/amzn1.account.AF4E2Z62ODUA6246WWE2UV4ZESZQ/ref=cm_cr_pr_pdp,,パターン(種類): 単品,Amazonで購入,20,これはいいですね。,非常に良いです。サイドの木の部分で、尾上製作所+ユニフレームの焚き火テーブルって感じです。さすがに焚き火に突っ込んでは使えませんが、専用袋もついてるのでコスパは非常に高いです。足部分が少しぐらつくかな？と思いましたが、座ったりしない限り全く問題ないでしょう。これは良いですよ。
B084LDGTYY,BUNDOK(バンドック) IR テーブル BD-164 メッシュ 焚き火 折りたたみ コンパクト,https://www.amazon.co.jp/dp/B084LDGTYY/,2020/10/6,5.0,キャンプ初心者,https://www.amazon.co.jp/gp/pdp/profile/amzn1.account.AFGOIOCC6ZRJSH3YLO73D3XDONVA/ref=cm_cr_pr_pdp,,パターン(種類): 単品,Amazonで購入,,オシャレな?,見た目もカッコよく、熱々のスキレットなど置いても大丈夫でした。3回ほど使用しましたが、何も問題ありません。ソロキャンにはもってこいです?
B084LDGTYY,BUNDOK(バンドック) IR テーブル BD-164 メッシュ 焚き火 折りたたみ コンパクト,https://www.amazon.co.jp/dp/B084LDGTYY/,2020/7/3,5.0,RC,https://www.amazon.co.jp/gp/pdp/profile/amzn1.account.AELJIAOO3O4RPOTZACTNTLL6ZJYA/ref=cm_cr_pr_pdp,,パターン(種類): 単品,Amazonで購入,,コスパ良し！クオリティも高い！,脚を広げるとぐらつきなどあるかと思いきや、かなりしっかりロックされていて安定感抜群でした！両サイドのウッドもオシャレです。ここにDIＹでホルダーなんか付けてもいいかと思いました。
B084LDGTYY,BUNDOK(バンドック) IR テーブル BD-164 メッシュ 焚き火 折りたたみ コンパクト,https://www.amazon.co.jp/dp/B084LDGTYY/,2020/9/12,5.0,taro,https://www.amazon.co.jp/gp/pdp/profile/amzn1.account.AHFAH5UAWUIPGXPHGDSVPBX6Z47Q/ref=cm_cr_pr_pdp,,パターン(種類): 単品,Amazonで購入,,コスパ○,とても良かったです^_^
B084LDGTYY,BUNDOK(バンドック) IR テーブル BD-164 メッシュ 焚き火 折りたたみ コンパクト,https://www.amazon.co.jp/dp/B084LDGTYY/,2020/7/22,5.0,A2C,https://www.amazon.co.jp/gp/pdp/profile/amzn1.account.AFPYCOXJJCDY2PZYELEKSDRUQJGQ/ref=cm_cr_pr_pdp,,パターン(種類): 単品,Amazonで購入,4,非常にコスパの良い商品,作りもしっかりしていて、両サイドのウッドもアクセントになっており、非常にコスパの良い商品だと思います。そこまで重いものを乗せる予定はありませんが、安定感もあります。別途FIELDDOORのランタンポール（マットブラック）を購入し取り付けたところ、かなりマッチしています。ソロキャンプでの使用が楽しみです。
B084LDGTYY,BUNDOK(バンドック) IR テーブル BD-164 メッシュ 焚き火 折りたたみ コンパクト,https://www.amazon.co.jp/dp/B084LDGTYY/,2021/5/22,2.0,Amazon カスタマー,https://www.amazon.co.jp/gp/pdp/profile/amzn1.account.AEW6JP4YDXMBNGDG2MANGKVVKD2A/ref=cm_cr_pr_pdp,,パターン(種類): 単品,Amazonで購入,,入荷待ちがすぐ来たのは嬉しかったが…,入荷待ちだったので気長に待とうと思ってましたが、すぐに入荷して発送されたので良かったのですが、開けてみたらシミ?とザラザラが…使えない事はないですが、新品の箱開けてこれはちょっと残念です。
B084LDGTYY,BUNDOK(バンドック) IR テーブル BD-164 メッシュ 焚き火 折りたたみ コンパクト,https://www.amazon.co.jp/dp/B084LDGTYY/,2020/10/17,3.0,まるちゃん,https://www.amazon.co.jp/gp/pdp/profile/amzn1.account.AEMXSSI4PHVRYWP6WSBF7PTH756Q/ref=cm_cr_pr_pdp,,パターン(種類): 単品,Amazonで購入,,コスパよし,脚を畳む時ちょっとコツが要りますが、コスパいいと思う。
B084LDGTYY,BUNDOK(バンドック) IR テーブル BD-164 メッシュ 焚き火 折りたたみ コンパクト,https://www.amazon.co.jp/dp/B084LDGTYY/,2020/10/14,3.0,松本弘人,https://www.amazon.co.jp/gp/pdp/profile/amzn1.account.AHJZECYU7SFJNFOKV2NA5A2RXCGA/ref=cm_cr_pr_pdp,,パターン(種類): 単品,Amazonで購入,,小さい分取り回しがとても良い。,まずは、テーブルサイドのウッドが気に入ってます。一寸思ってたいたより小さいかなでも、その分取り回しがいいです。
B084LDGTYY,BUNDOK(バンドック) IR テーブル BD-164 メッシュ 焚き火 折りたたみ コンパクト,https://www.amazon.co.jp/dp/B084LDGTYY/,2020/5/28,5.0,lu-あいか,https://www.amazon.co.jp/gp/pdp/profile/amzn1.account.AFSXKI5CD4527TXTRPH7EHU5UIJQ/ref=cm_cr_pr_pdp,,パターン(種類): 単品,Amazonで購入,33,安くても最高にCoolなアイアンテーブル,値段にしては上出来。今までにないアイアンテーブルのデザインでソロキャンプに最適。レアで高価なギアがよしとされる風潮がありますが安くてもカッコいいモノは素直に評価したい。２つ買いました！
B084LDGTYY,BUNDOK(バンドック) IR テーブル BD-164 メッシュ 焚き火 折りたたみ コンパクト,https://www.amazon.co.jp/dp/B084LDGTYY/,2020/8/25,3.0,かまきち,https://www.amazon.co.jp/gp/pdp/profile/amzn1.account.AFECCWVGXJDF2YO3CCQNTP7PH4LQ/ref=cm_cr_pr_pdp,,パターン(種類): 単品,Amazonで購入,1,足の溶接部が弱い,最初に届いた商品は、足を広げた瞬間に根本1か所の溶接部が外れました。サイドに取り付けてある木材の固定ネジが潰れており、緩んだ状態で増し締めしても締まらなかった。結局返品交換してもらったが、交換品の溶接部分も見た感じあまり丈夫そうでない。
B084LDGTYY,BUNDOK(バンドック) IR テーブル BD-164 メッシュ 焚き火 折りたたみ コンパクト,https://www.amazon.co.jp/dp/B084LDGTYY/,2020/3/27,5.0,Amazon カスタマー,https://www.amazon.co.jp/gp/pdp/profile/amzn1.account.AETAUOAQJWS6YBZXT5QGP77CNP6A/ref=cm_cr_pr_pdp,,パターン(種類): 単品,Amazonで購入,1,ソロキャンプ,見た目もよくサイズ感すごくちょうど良くかっこいいです。この価格で収納バックも付属されていて良いソロキャンプでの焚火近くでのメインテーブルとして使用しています。
B084LDGTYY,BUNDOK(バンドック) IR テーブル BD-164 メッシュ 焚き火 折りたたみ コンパクト,https://www.amazon.co.jp/dp/B084LDGTYY/,2020/6/3,5.0,ken,https://www.amazon.co.jp/gp/pdp/profile/amzn1.account.AGZRLYSJSXCLWFFHHCG3HUU6RS5Q/ref=cm_cr_pr_pdp,,パターン(種類): 単品,Amazonで購入,,ソロにベストマッチ,ソロに最適な大きさ、使い勝手。価格以上の製品です。
B084LDGTYY,BUNDOK(バンドック) IR テーブル BD-164 メッシュ 焚き火 折りたたみ コンパクト,https://www.amazon.co.jp/dp/B084LDGTYY/,2021/2/27,2.0,takanobu,https://www.amazon.co.jp/gp/pdp/profile/amzn1.account.AGRPOQNBJ55EPMWK7KOAQRYDVB4A/ref=cm_cr_pr_pdp,,パターン(種類): 単品,Amazonで購入,2,木の部分はグラグラしてすぐ取れる。,買って開けた時から木の部分を留めてるビスが緩くてグラグラしてました。ドライバーで締め直してみましたがビスが短く空回りします。留め直すには少し長いビスが必要です。
B084LDGTYY,BUNDOK(バンドック) IR テーブル BD-164 メッシュ 焚き火 折りたたみ コンパクト,https://www.amazon.co.jp/dp/B084LDGTYY/,2020/8/23,3.0,はらさん,https://www.amazon.co.jp/gp/pdp/profile/amzn1.account.AFZKXQHRFJCP5EHHAJFTQQIS2IOA/ref=cm_cr_pr_pdp,,パターン(種類): 単品,Amazonで購入,,強度良し！,キャンプ?で焚き火台として使用
B084LDGTYY,BUNDOK(バンドック) IR テーブル BD-164 メッシュ 焚き火 折りたたみ コンパクト,https://www.amazon.co.jp/dp/B084LDGTYY/,2020/8/21,3.0,Amazon カスタマー,https://www.amazon.co.jp/gp/pdp/profile/amzn1.account.AE56TG6DZYHUB6UKSH2BYYFIPIAA/ref=cm_cr_pr_pdp,,パターン(種類): 単品,Amazonで購入,,値段相応,意外と小さいサイズでした。値段相応って感じで使えなくはありません。
B084LDGTYY,BUNDOK(バンドック) IR テーブル BD-164 メッシュ 焚き火 折りたたみ コンパクト,https://www.amazon.co.jp/dp/B084LDGTYY/,2020/12/30,2.0,みじんこ,https://www.amazon.co.jp/gp/pdp/profile/amzn1.account.AEJERGW7FHNVWGLFJHIKNRAVDWLA/ref=cm_cr_pr_pdp,,パターン(種類): 単品,Amazonで購入,2,はずれを引きました,開封してみたら、木の部分に亀裂？が入っているもので、はずれを引いたなという感じです。お値段からすると仕方無いのかな。楽しみにしていただけに、残念。
B084LDGTYY,BUNDOK(バンドック) IR テーブル BD-164 メッシュ 焚き火 折りたたみ コンパクト,https://www.amazon.co.jp/dp/B084LDGTYY/,2020/5/29,3.0,Amazon カスタマー,https://www.amazon.co.jp/gp/pdp/profile/amzn1.account.AEFEW6SZKHQZZACQQH3IXOXTODJA/ref=cm_cr_pr_pdp,,パターン(種類): 単品,Amazonで購入,,かわいい,かわいい??もう少し小さく収納出来たらよかった??
B084LDGTYY,BUNDOK(バンドック) IR テーブル BD-164 メッシュ 焚き火 折りたたみ コンパクト,https://www.amazon.co.jp/dp/B084LDGTYY/,2020/10/1,2.0,Amazon カスタマー,https://www.amazon.co.jp/gp/pdp/profile/amzn1.account.AFDAT7GBA25WJ364E3HB6HWGRE2A/ref=cm_cr_pr_pdp,,パターン(種類): 単品,Amazonで購入,2,不良品,木部が固定されておらず、あえなく返品。残念。
B084LDGTYY,BUNDOK(バンドック) IR テーブル BD-164 メッシュ 焚き火 折りたたみ コンパクト,https://www.amazon.co.jp/dp/B084LDGTYY/,2021/8/24,1.0,shige.naka,https://www.amazon.co.jp/gp/pdp/profile/amzn1.account.AENAYMRD4IBMH3PIU456Y4F3TA3A/ref=cm_cr_pr_pdp,,パターン(種類): 単品,Amazonで購入,,足の開閉が悪すぎ,今後はちゃんと触れて買います
B084LDGTYY,BUNDOK(バンドック) IR テーブル BD-164 メッシュ 焚き火 折りたたみ コンパクト,https://www.amazon.co.jp/dp/B084LDGTYY/,2021/4/7,1.0,ohana,https://www.amazon.co.jp/gp/pdp/profile/amzn1.account.AHTKEO5DCNLQDOI6BH5RCH7IC6WQ/ref=cm_cr_pr_pdp,,パターン(種類): 単品,Amazonで購入,2,作りがチャイナクオリティー,届いたirテーブルの脚ロック部のストッパーが両脚とも片側しかロックされず不安定及び傷、塗装剥がれ有り。それと木部のビスが緩んでて締め直すも永遠に締まる事がなくユルユルです。現在、Amazonに返品交換手続き中です。作りは良くない！期待しないよーに
B084LDGTYY,BUNDOK(バンドック) IR テーブル BD-164 メッシュ 焚き火 折りたたみ コンパクト,https://www.amazon.co.jp/dp/B084LDGTYY/,2021/2/20,1.0,dinao,https://www.amazon.co.jp/gp/pdp/profile/amzn1.account.AHAKGCCIVDYDGMF3XKBID3WDIWWA/ref=cm_cr_pr_pdp,,パターン(種類): 単品,Amazonで購入,4,不良品が届きました！,到着した商品を箱に入ったまま持ち上げた途端、中からカラカラと音が…。嫌な予感的中で、両サイドのウッドの片側の固定ビスが取れて転がってました。固定ビス２本の内の１本だったので、なんとかなるかな…と思いましたが、軽くウッド部分を引っ張っただけで、ウッド部分が外れました。ビス穴が２本ともバカになってて、もはや軽く刺さってただけでした。こんなの外れるに決まってますね。時間も無いので、ウッドを裏返して、自分でしっかりネジ止めしました。バカ穴が表側に出てきちゃいますが、まぁ使えればいいので気にしないことにします。ま、安物なんてこんなもんですね。いい勉強になりました。とりあえず公表した方が情報共有になるかと思ったので、星１つで挙げときます。
B084LDGTYY,BUNDOK(バンドック) IR テーブル BD-164 メッシュ 焚き火 折りたたみ コンパクト,https://www.amazon.co.jp/dp/B084LDGTYY/,2021/2/28,1.0,TT1,https://www.amazon.co.jp/gp/pdp/profile/amzn1.account.AG5QXBY5X66YWSUOB3A2ZFEXZMQA/ref=cm_cr_pr_pdp,,パターン(種類): 単品,Amazonで購入,3,ハズレを引きました??,木わくの片側の前後で高さが違う(1センチ弱)足も１ヶ所ロックが入らないし??最低???????値段は高くないしデザインは、良いのだか検品は、ないのかな??????
B084LDGTYY,BUNDOK(バンドック) IR テーブル BD-164 メッシュ 焚き火 折りたたみ コンパクト,https://www.amazon.co.jp/dp/B084LDGTYY/,2021/4/8,1.0,Amazon カスタマー,https://www.amazon.co.jp/gp/pdp/profile/amzn1.account.AGUDJTRJEJAITOVGNP72LMN77FEA/ref=cm_cr_pr_pdp,,パターン(種類): 単品,Amazonで購入,2,作りが雑、検品もされてない？,一年ほど前に購入し、気に入ったため二個追加購入したところ、二つとも組み立てた際に足が固定出来ず。交換してもらったところ、一つは同様に足が固定出来ない、もう一つは足が歪んでいて組み立てたところガタつくため返品しました。物はいいだけに、検品をしっかりしてもらいたい。
B084LDGTYY,BUNDOK(バンドック) IR テーブル BD-164 メッシュ 焚き火 折りたたみ コンパクト,https://www.amazon.co.jp/dp/B084LDGTYY/,2021/2/14,1.0,相模國之野良猫,https://www.amazon.co.jp/gp/pdp/profile/amzn1.account.AEMXXKMAEVGFCS3KJUHSWYVQAVRA/ref=cm_cr_pr_pdp,,パターン(種類): 単品,Amazonで購入,2,作りが悪い。,ガタガタする。ロックが掛かったまま外れない。無理やりロックを外してると今度は隙間が空いて足が固定されなくなる。個体不良なのか解らないが返品した。
B084LDGTYY,BUNDOK(バンドック) IR テーブル BD-164 メッシュ 焚き火 折りたたみ コンパクト,https://www.amazon.co.jp/dp/B084LDGTYY/,2020/12/30,1.0,Amazon カスタマー,https://www.amazon.co.jp/gp/pdp/profile/amzn1.account.AEX2K7NWJM2OOXOPLPUW57HMFIYA/ref=cm_cr_pr_pdp,,パターン(種類): 単品,Amazonで購入,2,買わない方がいい。,足を広げた際ロックに4カ所中2カ所はまらず、作りが悪くいです。その為テーブルの足がしっかり床に付かず不安定です。買わない方がいいです。
B084LDGTYY,BUNDOK(バンドック) IR テーブル BD-164 メッシュ 焚き火 折りたたみ コンパクト,https://www.amazon.co.jp/dp/B084LDGTYY/,2021/1/19,3.0,HY,https://www.amazon.co.jp/gp/pdp/profile/amzn1.account.AFJ23CXDHE3E46WZL2LPVWLNC7RQ/ref=cm_cr_pr_pdp,,パターン(種類): 単品,,1,ぐらつきが多少気になります。,２つ購入して１つはしっかり足が安定しましたが、１つは多少ぐらつきが確認できました。使用に影響はない程度ですが、差があるのは、残念でした。見た目、コスパは非常に良い商品だと思います。
B084LDGTYY,BUNDOK(バンドック) IR テーブル BD-164 メッシュ 焚き火 折りたたみ コンパクト,https://www.amazon.co.jp/dp/B084LDGTYY/,2020/10/12,2.0,T. 伊志嶺,https://www.amazon.co.jp/gp/pdp/profile/amzn1.account.AF7X3Z6ZB4WH4TF454VJZM3EFWHA/ref=cm_cr_pr_pdp,,パターン(種類): 単品,,6,3つ検品して当りは1つだけ?!,小さすぎず、大きすぎず、万能的な使い方が可能（歩きや自転車で持ち運ぶには重いけど）。ショップに在庫が3つあったが1つは両端の木の一方がずれており、1つは脚を開いてもロックが不完全で都度、手で力を加えて金属の凹みにはめなければならず、1つだけ良い品だった。通販はリスク大なので-3。付属の黒いケースも重宝。脚を閉じたままお盆のように使おうとすると足がブラつくため100均マグネットで固定。セリア金具もマグネット固定でシェラカップハンガーとして使用。
B084LDGTYY,BUNDOK(バンドック) IR テーブル BD-164 メッシュ 焚き火 折りたたみ コンパクト,https://www.amazon.co.jp/dp/B084LDGTYY/,2022/6/2,5.0,HDHS,https://www.amazon.co.jp/gp/pdp/profile/amzn1.account.AEHAVCJ2FSAJIXTSBSDZ6LFCSSZA/ref=cm_cr_pr_pdp,,パターン(種類): 単品,Amazonで購入,,サイズ、重量、デザイン良し,内径高さ30cmの収納用コンテナボックスに立てて入るので場所を取りません。私は焚き台近くに置き、火から下ろした料理をそのまま置いたりテーブルとして飲み物を置いたりしています。鉄の網なので熱も汚れも気にせずガンガン使えて便利です。
B084LDGTYY,BUNDOK(バンドック) IR テーブル BD-164 メッシュ 焚き火 折りたたみ コンパクト,https://www.amazon.co.jp/dp/B084LDGTYY/,2022/4/16,5.0,Amazon Customer,https://www.amazon.co.jp/gp/pdp/profile/amzn1.account.AFWKXI2SMFX74TXIK5Y5YFXPA2IA/ref=cm_cr_pr_pdp,,パターン(種類): 単品,Amazonで購入,,お手軽で無骨,バンドックさんはお手軽でデザインも良いのねお気に入りのブランドです！この商品もカッコいい！
B084LDGTYY,BUNDOK(バンドック) IR テーブル BD-164 メッシュ 焚き火 折りたたみ コンパクト,https://www.amazon.co.jp/dp/B084LDGTYY/,2020/7/25,4.0,T,https://www.amazon.co.jp/gp/pdp/profile/amzn1.account.AFRUBJB6AWZW7UYANRQDLRDCZTIQ/ref=cm_cr_pr_pdp,,パターン(種類): 単品,Amazonで購入,2,アイアン＋ウッドがかっこいい,造りがしっかりしているので安定している。脚が畳めてコンパクトになるので持ち運びはしやすい。思ったより重くない。アイアンだけのテーブルとは違って両端に木がついてるので雰囲気が他とはちがってかっこいいです。
B084LDGTYY,BUNDOK(バンドック) IR テーブル BD-164 メッシュ 焚き火 折りたたみ コンパクト,https://www.amazon.co.jp/dp/B084LDGTYY/,2021/9/4,5.0,Amazon カスタマー,https://www.amazon.co.jp/gp/pdp/profile/amzn1.account.AE7VBE777FATMWUAEXLWSJ3KKHAA/ref=cm_cr_pr_pdp,,パターン(種類): 単品,Amazonで購入,,設営簡単,ガッチリしてて頑丈！組み立ても楽で良いですよ！
B084LDGTYY,BUNDOK(バンドック) IR テーブル BD-164 メッシュ 焚き火 折りたたみ コンパクト,https://www.amazon.co.jp/dp/B084LDGTYY/,2020/4/6,5.0,シャッター,https://www.amazon.co.jp/gp/pdp/profile/amzn1.account.AHPAGKSPW3W6JGRAQYBQDTTIGYOA/ref=cm_cr_pr_pdp,ベスト1000レビュアー,パターン(種類): 単品,Amazonで購入,10,良品,普段キャンプで使用しているコンテナボックス(リストランクカーゴ50L TC-50)に収納できそうなサイズだったので注文してみました。折り畳んだ状態の製品実測値は452*302*26(mm)。同梱のバッグに入れた状態で無理なくコンテナボックスに収納する事が出来たので一安心。そもそも頑丈なテーブルなので、保護が必要なのかどうかは分からないけれど、ペラペラの入れ物じゃなくて保護材が入ったしっかりしたバッグが同梱だったのでちょっぴり感心。良く考えたらテーブルは無事でも他を傷つけるかも知れませんから、納得の上で更に感心。両脇にリアルウッドの飾りが付いてる製品なので、火炎の中にぶっこんでバーナー台として利用するような用途には向きませんが、通常通り熱々のスキレットやダッチオーブンの置き場所として安心して使える強度があります。全部が全部鉄で真っ黒なテーブルだと武骨すぎてちっとも面白くないので、両脇のウッド飾りは個人的に重要。グルキャンの食事のあと複数のスキレットを空焼きした上での置き場所だとか、ソロキャン時のメインテーブルだとか、用途いろいろ。オススメします。
B084LDGTYY,BUNDOK(バンドック) IR テーブル BD-164 メッシュ 焚き火 折りたたみ コンパクト,https://www.amazon.co.jp/dp/B084LDGTYY/,2022/5/6,5.0,Amazon カスタマー,https://www.amazon.co.jp/gp/pdp/profile/amzn1.account.AESJTLIVQ65BTTKWIQXSKDFMFNJQ/ref=cm_cr_pr_pdp,,パターン(種類): 単品,Amazonで購入,1,ソロ、お洒落、ベストサイズ,お洒落なソロキャンにベストです。作りもしっかりしていてサイズ高さ、見た目よしで高コスパのテーブルです。焚き火前のチェア横に置いての使い勝手がよく非常に満足度が高くおすすめします。
B084LDGTYY,BUNDOK(バンドック) IR テーブル BD-164 メッシュ 焚き火 折りたたみ コンパクト,https://www.amazon.co.jp/dp/B084LDGTYY/,2021/2/7,1.0,Obap,https://www.amazon.co.jp/gp/pdp/profile/amzn1.account.AF5QOJ3CAJBU26RFFO73WUXMENCQ/ref=cm_cr_pr_pdp,,パターン(種類): 単品,Amazonで購入,6,化繊ケースに靴の足跡くっきりでゲンナリ,星評価も良く購入して開けた途端靴で踏まれた化繊ケースにげんなり。内側にも汚れがありコロナ禍の時世もあり不潔。燕三条の会社が中国で作らせてようですが、品質チェックしているのでしょうか。返品します
B084LDGTYY,BUNDOK(バンドック) IR テーブル BD-164 メッシュ 焚き火 折りたたみ コンパクト,https://www.amazon.co.jp/dp/B084LDGTYY/,2021/11/30,5.0,Amazon カスタマー,https://www.amazon.co.jp/gp/pdp/profile/amzn1.account.AHIGZ7IT4C2SHZPJTY2MWKOMBFRA/ref=cm_cr_pr_pdp,,パターン(種類): 単品,Amazonで購入,,作りはしっかりしていますが上面は物が滑りやすいです。,ユニセラやダッチオーブンの置き場用として購入。台自体の安定性は問題ないのですが、上面は滑りやすいので気を付けてください。
B084LDGTYY,BUNDOK(バンドック) IR テーブル BD-164 メッシュ 焚き火 折りたたみ コンパクト,https://www.amazon.co.jp/dp/B084LDGTYY/,2021/2/18,4.0,マイケル,https://www.amazon.co.jp/gp/pdp/profile/amzn1.account.AGVEEZ4WNMCKOKFJGHAFXDUI3GCQ/ref=cm_cr_pr_pdp,,パターン(種類): 単品,Amazonで購入,,良いですヨ。,決して軽いモノでは有りませんが、良い感じの安定感が有ります。耐久性も充分ありそうです。
B084LDGTYY,BUNDOK(バンドック) IR テーブル BD-164 メッシュ 焚き火 折りたたみ コンパクト,https://www.amazon.co.jp/dp/B084LDGTYY/,2021/2/4,2.0,野良遊び人,https://www.amazon.co.jp/gp/pdp/profile/amzn1.account.AEKVHNA4YKSIOERQOIWE7GS47QFQ/ref=cm_cr_pr_pdp,,パターン(種類): 単品,Amazonで購入,7,お値段相当です。,焚き火の時のサイドテーブルにと購入。到着後すぐにお部屋で展開するも、なんだか足がぐらぐらしてる？よくよく見てみると足の金属の先端の折り返しが左右でちぐはぐに方向に曲げられている。何とか折り返しを左右差がないように曲げて修正すると今度は足が展開しきらずロックがかからない。さらによくよく見てみると、足のロック部となる部分が片方画家なり歪んで溶接されてました。恐らく溶接の精度が悪く、ロックがかからないから足を曲げて修正された感いっぱいのB品レベルでした。サイドのウッドもツライチではなく段差が気になるレベル。しかし、このお値段なら文句は言えないかな？自分で手を加えて満足な状態になったのでヨシとしときます。
B084LDGTYY,BUNDOK(バンドック) IR テーブル BD-164 メッシュ 焚き火 折りたたみ コンパクト,https://www.amazon.co.jp/dp/B084LDGTYY/,2021/4/17,5.0,アバウトドアファミリー,https://www.amazon.co.jp/gp/pdp/profile/amzn1.account.AG6NNK6SKMF7AAU5PE37MWZ4FHDA/ref=cm_cr_pr_pdp,,パターン(種類): 単品,Amazonで購入,,デザインもコスパも最高??,武骨に使うのにコスパもデザインも使い勝手も最高でした！オススメです????
B084LDGTYY,BUNDOK(バンドック) IR テーブル BD-164 メッシュ 焚き火 折りたたみ コンパクト,https://www.amazon.co.jp/dp/B084LDGTYY/,2021/4/15,5.0,choi,https://www.amazon.co.jp/gp/pdp/profile/amzn1.account.AFZYZE4U6SQHDEC32BRU5A5AVJKA/ref=cm_cr_pr_pdp,,パターン(種類): 単品,Amazonで購入,,Good,Good
B084LDGTYY,BUNDOK(バンドック) IR テーブル BD-164 メッシュ 焚き火 折りたたみ コンパクト,https://www.amazon.co.jp/dp/B084LDGTYY/,2021/10/31,5.0,たかし,https://www.amazon.co.jp/gp/pdp/profile/amzn1.account.AEKH4Z5IHAJSHOJAB222DZ2YGJWQ/ref=cm_cr_pr_pdp,,パターン(種類): 単品,Amazonで購入,,正解でした。,毎日利用してます。
B084LDGTYY,BUNDOK(バンドック) IR テーブル BD-164 メッシュ 焚き火 折りたたみ コンパクト,https://www.amazon.co.jp/dp/B084LDGTYY/,2020/9/13,5.0,Owenor,https://www.amazon.co.jp/gp/pdp/profile/amzn1.account.AE4RNKIH6TPXGAGE7VTZ6FFW6MXA/ref=cm_cr_pr_pdp,,パターン(種類): 単品,Amazonで購入,,めちゃカッコいい,再販されたため予約購入です。無骨でマジかっこいいですわ。バンドックさんの商品はお値段以上です。しかも安いです。ただ、裏側の網は先端部分のカットが全面に渡り鋭利です。強化ニッパーで全て切除し安全性を向上させました。これ以外は本当に良い商品ですよ。
B084LDGTYY,BUNDOK(バンドック) IR テーブル BD-164 メッシュ 焚き火 折りたたみ コンパクト,https://www.amazon.co.jp/dp/B084LDGTYY/,2020/11/2,5.0,tamoire,https://www.amazon.co.jp/gp/pdp/profile/amzn1.account.AEX2CLUDARZKABXVWNBJ3HY763ZQ/ref=cm_cr_pr_pdp,,パターン(種類): 単品,Amazonで購入,,コスパいいでしょ～,この作りでこの値段！納得です！ガンガン使えます。
B084LDGTYY,BUNDOK(バンドック) IR テーブル BD-164 メッシュ 焚き火 折りたたみ コンパクト,https://www.amazon.co.jp/dp/B084LDGTYY/,2020/10/24,5.0,ソラパパ,https://www.amazon.co.jp/gp/pdp/profile/amzn1.account.AEI25XLITHJF4STGL73F2UALO7EQ/ref=cm_cr_pr_pdp,,パターン(種類): 単品,Amazonで購入,,コスパ最高,安い、カッコいい、頑丈です！軽さは求めてなかったので重さは許容範囲です。収納袋もついて◎
B084LDGTYY,BUNDOK(バンドック) IR テーブル BD-164 メッシュ 焚き火 折りたたみ コンパクト,https://www.amazon.co.jp/dp/B084LDGTYY/,2020/5/13,5.0,たかち,https://www.amazon.co.jp/gp/pdp/profile/amzn1.account.AH3XM3UNBDVDCC7EHMLU73J3LBBQ/ref=cm_cr_pr_pdp,,パターン(種類): 単品,Amazonで購入,,お気に入り。,サイドテーブルとして最適だと思います。見た目も可愛くてお気に入りです。
B084LDGTYY,BUNDOK(バンドック) IR テーブル BD-164 メッシュ 焚き火 折りたたみ コンパクト,https://www.amazon.co.jp/dp/B084LDGTYY/,2021/2/21,5.0,ちゃちゃ,https://www.amazon.co.jp/gp/pdp/profile/amzn1.account.AG3QICBRTACVLQOPUT2SMBUHCERA/ref=cm_cr_pr_pdp,,パターン(種類): 単品,Amazonで購入,,使うのがが楽しみです！,開きもスムーズで、天板もしっかりしています。まだキャンプで未使用なので耐久性は、わかりませんがコスパも良く購入して良かったです！キャンプで使うのが楽しみです。
